"","Date","StartDateTime","EndDateTime","Arena","Locale","SessionType","SessionGroup","Latitude","Longitude"
"1",2015-09-11,2015-09-11 19:15:00,2015-09-11 20:05:00,"Goulbourn","West","Public","Skating",45.263237,-75.907526
"2",2015-09-18,2015-09-18 19:15:00,2015-09-18 20:05:00,"Goulbourn","West","Public","Skating",45.263237,-75.907526
"3",2015-09-25,2015-09-25 19:15:00,2015-09-25 20:05:00,"Goulbourn","West","Public","Skating",45.263237,-75.907526
"4",2015-10-02,2015-10-02 19:15:00,2015-10-02 20:05:00,"Goulbourn","West","Public","Skating",45.263237,-75.907526
"5",2015-10-09,2015-10-09 19:15:00,2015-10-09 20:05:00,"Goulbourn","West","Public","Skating",45.263237,-75.907526
"6",2015-10-16,2015-10-16 19:15:00,2015-10-16 20:05:00,"Goulbourn","West","Public","Skating",45.263237,-75.907526
"7",2015-10-23,2015-10-23 19:15:00,2015-10-23 20:05:00,"Goulbourn","West","Public","Skating",45.263237,-75.907526
"8",2015-10-30,2015-10-30 19:15:00,2015-10-30 20:05:00,"Goulbourn","West","Public","Skating",45.263237,-75.907526
"9",2015-11-06,2015-11-06 19:15:00,2015-11-06 20:05:00,"Goulbourn","West","Public","Skating",45.263237,-75.907526
"10",2015-11-13,2015-11-13 19:15:00,2015-11-13 20:05:00,"Goulbourn","West","Public","Skating",45.263237,-75.907526
"11",2015-11-20,2015-11-20 19:15:00,2015-11-20 20:05:00,"Goulbourn","West","Public","Skating",45.263237,-75.907526
"12",2015-11-27,2015-11-27 19:15:00,2015-11-27 20:05:00,"Goulbourn","West","Public","Skating",45.263237,-75.907526
"13",2015-12-04,2015-12-04 19:15:00,2015-12-04 20:05:00,"Goulbourn","West","Public","Skating",45.263237,-75.907526
"14",2015-12-11,2015-12-11 19:15:00,2015-12-11 20:05:00,"Goulbourn","West","Public","Skating",45.263237,-75.907526
"15",2015-12-18,2015-12-18 19:15:00,2015-12-18 20:05:00,"Goulbourn","West","Public","Skating",45.263237,-75.907526
"17",2016-01-01,2016-01-01 19:15:00,2016-01-01 20:05:00,"Goulbourn","West","Public","Skating",45.263237,-75.907526
"18",2016-01-08,2016-01-08 19:15:00,2016-01-08 20:05:00,"Goulbourn","West","Public","Skating",45.263237,-75.907526
"19",2016-01-15,2016-01-15 19:15:00,2016-01-15 20:05:00,"Goulbourn","West","Public","Skating",45.263237,-75.907526
"20",2016-01-22,2016-01-22 19:15:00,2016-01-22 20:05:00,"Goulbourn","West","Public","Skating",45.263237,-75.907526
"21",2016-01-29,2016-01-29 19:15:00,2016-01-29 20:05:00,"Goulbourn","West","Public","Skating",45.263237,-75.907526
"22",2016-02-05,2016-02-05 19:15:00,2016-02-05 20:05:00,"Goulbourn","West","Public","Skating",45.263237,-75.907526
"23",2016-02-12,2016-02-12 19:15:00,2016-02-12 20:05:00,"Goulbourn","West","Public","Skating",45.263237,-75.907526
"24",2016-02-19,2016-02-19 19:15:00,2016-02-19 20:05:00,"Goulbourn","West","Public","Skating",45.263237,-75.907526
"25",2016-02-26,2016-02-26 19:15:00,2016-02-26 20:05:00,"Goulbourn","West","Public","Skating",45.263237,-75.907526
"26",2016-03-04,2016-03-04 19:15:00,2016-03-04 20:05:00,"Goulbourn","West","Public","Skating",45.263237,-75.907526
"27",2016-03-11,2016-03-11 19:15:00,2016-03-11 20:05:00,"Goulbourn","West","Public","Skating",45.263237,-75.907526
"28",2016-03-18,2016-03-18 19:15:00,2016-03-18 20:05:00,"Goulbourn","West","Public","Skating",45.263237,-75.907526
"29",2016-03-25,2016-03-25 19:15:00,2016-03-25 20:05:00,"Goulbourn","West","Public","Skating",45.263237,-75.907526
"30",2015-09-11,2015-09-11 18:15:00,2015-09-11 19:05:00,"Goulbourn","West","Family","Skating",45.263237,-75.907526
"31",2015-09-18,2015-09-18 18:15:00,2015-09-18 19:05:00,"Goulbourn","West","Family","Skating",45.263237,-75.907526
"32",2015-09-25,2015-09-25 18:15:00,2015-09-25 19:05:00,"Goulbourn","West","Family","Skating",45.263237,-75.907526
"33",2015-10-02,2015-10-02 18:15:00,2015-10-02 19:05:00,"Goulbourn","West","Family","Skating",45.263237,-75.907526
"34",2015-10-09,2015-10-09 18:15:00,2015-10-09 19:05:00,"Goulbourn","West","Family","Skating",45.263237,-75.907526
"35",2015-10-16,2015-10-16 18:15:00,2015-10-16 19:05:00,"Goulbourn","West","Family","Skating",45.263237,-75.907526
"36",2015-10-23,2015-10-23 18:15:00,2015-10-23 19:05:00,"Goulbourn","West","Family","Skating",45.263237,-75.907526
"37",2015-10-30,2015-10-30 18:15:00,2015-10-30 19:05:00,"Goulbourn","West","Family","Skating",45.263237,-75.907526
"38",2015-11-06,2015-11-06 18:15:00,2015-11-06 19:05:00,"Goulbourn","West","Family","Skating",45.263237,-75.907526
"39",2015-11-13,2015-11-13 18:15:00,2015-11-13 19:05:00,"Goulbourn","West","Family","Skating",45.263237,-75.907526
"40",2015-11-20,2015-11-20 18:15:00,2015-11-20 19:05:00,"Goulbourn","West","Family","Skating",45.263237,-75.907526
"41",2015-11-27,2015-11-27 18:15:00,2015-11-27 19:05:00,"Goulbourn","West","Family","Skating",45.263237,-75.907526
"42",2015-12-04,2015-12-04 18:15:00,2015-12-04 19:05:00,"Goulbourn","West","Family","Skating",45.263237,-75.907526
"43",2015-12-11,2015-12-11 18:15:00,2015-12-11 19:05:00,"Goulbourn","West","Family","Skating",45.263237,-75.907526
"44",2015-12-18,2015-12-18 18:15:00,2015-12-18 19:05:00,"Goulbourn","West","Family","Skating",45.263237,-75.907526
"46",2016-01-01,2016-01-01 18:15:00,2016-01-01 19:05:00,"Goulbourn","West","Family","Skating",45.263237,-75.907526
"47",2016-01-08,2016-01-08 18:15:00,2016-01-08 19:05:00,"Goulbourn","West","Family","Skating",45.263237,-75.907526
"48",2016-01-15,2016-01-15 18:15:00,2016-01-15 19:05:00,"Goulbourn","West","Family","Skating",45.263237,-75.907526
"49",2016-01-22,2016-01-22 18:15:00,2016-01-22 19:05:00,"Goulbourn","West","Family","Skating",45.263237,-75.907526
"50",2016-01-29,2016-01-29 18:15:00,2016-01-29 19:05:00,"Goulbourn","West","Family","Skating",45.263237,-75.907526
"51",2016-02-05,2016-02-05 18:15:00,2016-02-05 19:05:00,"Goulbourn","West","Family","Skating",45.263237,-75.907526
"52",2016-02-12,2016-02-12 18:15:00,2016-02-12 19:05:00,"Goulbourn","West","Family","Skating",45.263237,-75.907526
"53",2016-02-19,2016-02-19 18:15:00,2016-02-19 19:05:00,"Goulbourn","West","Family","Skating",45.263237,-75.907526
"54",2016-02-26,2016-02-26 18:15:00,2016-02-26 19:05:00,"Goulbourn","West","Family","Skating",45.263237,-75.907526
"55",2016-03-04,2016-03-04 18:15:00,2016-03-04 19:05:00,"Goulbourn","West","Family","Skating",45.263237,-75.907526
"56",2016-03-11,2016-03-11 18:15:00,2016-03-11 19:05:00,"Goulbourn","West","Family","Skating",45.263237,-75.907526
"57",2016-03-18,2016-03-18 18:15:00,2016-03-18 19:05:00,"Goulbourn","West","Family","Skating",45.263237,-75.907526
"58",2016-03-25,2016-03-25 18:15:00,2016-03-25 19:05:00,"Goulbourn","West","Family","Skating",45.263237,-75.907526
"59",2015-09-10,2015-09-10 13:00:00,2015-09-10 14:00:00,"Goulbourn","West","Family","Skating",45.263237,-75.907526
"60",2015-09-17,2015-09-17 13:00:00,2015-09-17 14:00:00,"Goulbourn","West","Family","Skating",45.263237,-75.907526
"61",2015-09-24,2015-09-24 13:00:00,2015-09-24 14:00:00,"Goulbourn","West","Family","Skating",45.263237,-75.907526
"62",2015-09-07,2015-09-07 10:00:00,2015-09-07 11:00:00,"Goulbourn","West","50+","Skating",45.263237,-75.907526
"63",2015-09-14,2015-09-14 10:00:00,2015-09-14 11:00:00,"Goulbourn","West","50+","Skating",45.263237,-75.907526
"64",2015-09-21,2015-09-21 10:00:00,2015-09-21 11:00:00,"Goulbourn","West","50+","Skating",45.263237,-75.907526
"65",2015-09-10,2015-09-10 10:15:00,2015-09-10 11:15:00,"Goulbourn","West","50+","Skating",45.263237,-75.907526
"66",2015-09-17,2015-09-17 10:15:00,2015-09-17 11:15:00,"Goulbourn","West","50+","Skating",45.263237,-75.907526
"67",2015-09-24,2015-09-24 10:15:00,2015-09-24 11:15:00,"Goulbourn","West","50+","Skating",45.263237,-75.907526
"68",2015-09-10,2015-09-10 12:00:00,2015-09-10 13:00:00,"Goulbourn","West","Adult","Skating",45.263237,-75.907526
"69",2015-09-17,2015-09-17 12:00:00,2015-09-17 13:00:00,"Goulbourn","West","Adult","Skating",45.263237,-75.907526
"70",2015-09-24,2015-09-24 12:00:00,2015-09-24 13:00:00,"Goulbourn","West","Adult","Skating",45.263237,-75.907526
"71",2015-09-08,2015-09-08 16:00:00,2015-09-08 17:00:00,"Fred Barrett","South","Public","Skating",45.331162,-75.598078
"72",2015-09-15,2015-09-15 16:00:00,2015-09-15 17:00:00,"Fred Barrett","South","Public","Skating",45.331162,-75.598078
"73",2015-09-22,2015-09-22 16:00:00,2015-09-22 17:00:00,"Fred Barrett","South","Public","Skating",45.331162,-75.598078
"74",2015-09-29,2015-09-29 16:00:00,2015-09-29 17:00:00,"Fred Barrett","South","Public","Skating",45.331162,-75.598078
"75",2015-09-28,2015-09-28 12:00:00,2015-09-28 13:00:00,"Jim Durrell Complex","Central","Adult","Skating",45.372846,-75.6597
"76",2015-09-28,2015-09-28 16:30:00,2015-09-28 17:30:00,"Jim Durrell Complex","Central","Public","Skating",45.372846,-75.6597
"77",2015-09-28,2015-09-28 12:00:00,2015-09-28 13:30:00,"Jim Durrell Complex","Central","Pickup 18+","Hockey",45.372846,-75.6597
"78",2015-09-29,2015-09-29 07:30:00,2015-09-29 09:00:00,"Jim Durrell Complex","Central","Pickup 18+","Hockey",45.372846,-75.6597
"79",2015-09-30,2015-09-30 12:00:00,2015-09-30 13:00:00,"Jim Durrell Complex","Central","Adult","Skating",45.372846,-75.6597
"80",2015-09-29,2015-09-29 12:00:00,2015-09-29 13:00:00,"Jim Durrell Complex","Central","Adult","Skating",45.372846,-75.6597
"81",2015-09-08,2015-09-08 12:00:00,2015-09-08 12:50:00,"Jim Durrell Complex","Central","Adult","Skating",45.372846,-75.6597
"82",2015-09-15,2015-09-15 12:00:00,2015-09-15 12:50:00,"Jim Durrell Complex","Central","Adult","Skating",45.372846,-75.6597
"83",2015-09-22,2015-09-22 12:00:00,2015-09-22 12:50:00,"Jim Durrell Complex","Central","Adult","Skating",45.372846,-75.6597
"84",2015-09-29,2015-09-29 12:00:00,2015-09-29 12:50:00,"Jim Durrell Complex","Central","Adult","Skating",45.372846,-75.6597
"85",2015-10-06,2015-10-06 12:00:00,2015-10-06 12:50:00,"Jim Durrell Complex","Central","Adult","Skating",45.372846,-75.6597
"86",2015-10-13,2015-10-13 12:00:00,2015-10-13 12:50:00,"Jim Durrell Complex","Central","Adult","Skating",45.372846,-75.6597
"87",2015-10-20,2015-10-20 12:00:00,2015-10-20 12:50:00,"Jim Durrell Complex","Central","Adult","Skating",45.372846,-75.6597
"88",2015-10-27,2015-10-27 12:00:00,2015-10-27 12:50:00,"Jim Durrell Complex","Central","Adult","Skating",45.372846,-75.6597
"89",2015-11-03,2015-11-03 12:00:00,2015-11-03 12:50:00,"Jim Durrell Complex","Central","Adult","Skating",45.372846,-75.6597
"90",2015-11-10,2015-11-10 12:00:00,2015-11-10 12:50:00,"Jim Durrell Complex","Central","Adult","Skating",45.372846,-75.6597
"91",2015-11-17,2015-11-17 12:00:00,2015-11-17 12:50:00,"Jim Durrell Complex","Central","Adult","Skating",45.372846,-75.6597
"92",2015-11-24,2015-11-24 12:00:00,2015-11-24 12:50:00,"Jim Durrell Complex","Central","Adult","Skating",45.372846,-75.6597
"93",2015-12-01,2015-12-01 12:00:00,2015-12-01 12:50:00,"Jim Durrell Complex","Central","Adult","Skating",45.372846,-75.6597
"94",2015-12-08,2015-12-08 12:00:00,2015-12-08 12:50:00,"Jim Durrell Complex","Central","Adult","Skating",45.372846,-75.6597
"95",2015-12-15,2015-12-15 12:00:00,2015-12-15 12:50:00,"Jim Durrell Complex","Central","Adult","Skating",45.372846,-75.6597
"96",2015-12-22,2015-12-22 12:00:00,2015-12-22 12:50:00,"Jim Durrell Complex","Central","Adult","Skating",45.372846,-75.6597
"98",2016-01-05,2016-01-05 12:00:00,2016-01-05 12:50:00,"Jim Durrell Complex","Central","Adult","Skating",45.372846,-75.6597
"99",2016-01-12,2016-01-12 12:00:00,2016-01-12 12:50:00,"Jim Durrell Complex","Central","Adult","Skating",45.372846,-75.6597
"100",2016-01-19,2016-01-19 12:00:00,2016-01-19 12:50:00,"Jim Durrell Complex","Central","Adult","Skating",45.372846,-75.6597
"101",2016-01-26,2016-01-26 12:00:00,2016-01-26 12:50:00,"Jim Durrell Complex","Central","Adult","Skating",45.372846,-75.6597
"102",2016-02-02,2016-02-02 12:00:00,2016-02-02 12:50:00,"Jim Durrell Complex","Central","Adult","Skating",45.372846,-75.6597
"103",2016-02-09,2016-02-09 12:00:00,2016-02-09 12:50:00,"Jim Durrell Complex","Central","Adult","Skating",45.372846,-75.6597
"104",2016-02-16,2016-02-16 12:00:00,2016-02-16 12:50:00,"Jim Durrell Complex","Central","Adult","Skating",45.372846,-75.6597
"105",2016-02-23,2016-02-23 12:00:00,2016-02-23 12:50:00,"Jim Durrell Complex","Central","Adult","Skating",45.372846,-75.6597
"106",2016-03-01,2016-03-01 12:00:00,2016-03-01 12:50:00,"Jim Durrell Complex","Central","Adult","Skating",45.372846,-75.6597
"107",2016-03-08,2016-03-08 12:00:00,2016-03-08 12:50:00,"Jim Durrell Complex","Central","Adult","Skating",45.372846,-75.6597
"108",2016-03-15,2016-03-15 12:00:00,2016-03-15 12:50:00,"Jim Durrell Complex","Central","Adult","Skating",45.372846,-75.6597
"109",2016-03-22,2016-03-22 12:00:00,2016-03-22 12:50:00,"Jim Durrell Complex","Central","Adult","Skating",45.372846,-75.6597
"110",2016-03-29,2016-03-29 12:00:00,2016-03-29 12:50:00,"Jim Durrell Complex","Central","Adult","Skating",45.372846,-75.6597
"111",2015-09-09,2015-09-09 12:00:00,2015-09-09 12:50:00,"Jim Durrell Complex","Central","Adult","Skating",45.372846,-75.6597
"112",2015-09-16,2015-09-16 12:00:00,2015-09-16 12:50:00,"Jim Durrell Complex","Central","Adult","Skating",45.372846,-75.6597
"113",2015-09-23,2015-09-23 12:00:00,2015-09-23 12:50:00,"Jim Durrell Complex","Central","Adult","Skating",45.372846,-75.6597
"114",2015-09-30,2015-09-30 12:00:00,2015-09-30 12:50:00,"Jim Durrell Complex","Central","Adult","Skating",45.372846,-75.6597
"115",2015-10-07,2015-10-07 12:00:00,2015-10-07 12:50:00,"Jim Durrell Complex","Central","Adult","Skating",45.372846,-75.6597
"116",2015-10-14,2015-10-14 12:00:00,2015-10-14 12:50:00,"Jim Durrell Complex","Central","Adult","Skating",45.372846,-75.6597
"117",2015-10-21,2015-10-21 12:00:00,2015-10-21 12:50:00,"Jim Durrell Complex","Central","Adult","Skating",45.372846,-75.6597
"118",2015-10-28,2015-10-28 12:00:00,2015-10-28 12:50:00,"Jim Durrell Complex","Central","Adult","Skating",45.372846,-75.6597
"119",2015-11-04,2015-11-04 12:00:00,2015-11-04 12:50:00,"Jim Durrell Complex","Central","Adult","Skating",45.372846,-75.6597
"120",2015-11-11,2015-11-11 12:00:00,2015-11-11 12:50:00,"Jim Durrell Complex","Central","Adult","Skating",45.372846,-75.6597
"121",2015-11-18,2015-11-18 12:00:00,2015-11-18 12:50:00,"Jim Durrell Complex","Central","Adult","Skating",45.372846,-75.6597
"122",2015-11-25,2015-11-25 12:00:00,2015-11-25 12:50:00,"Jim Durrell Complex","Central","Adult","Skating",45.372846,-75.6597
"123",2015-12-02,2015-12-02 12:00:00,2015-12-02 12:50:00,"Jim Durrell Complex","Central","Adult","Skating",45.372846,-75.6597
"124",2015-12-09,2015-12-09 12:00:00,2015-12-09 12:50:00,"Jim Durrell Complex","Central","Adult","Skating",45.372846,-75.6597
"125",2015-12-16,2015-12-16 12:00:00,2015-12-16 12:50:00,"Jim Durrell Complex","Central","Adult","Skating",45.372846,-75.6597
"126",2015-12-23,2015-12-23 12:00:00,2015-12-23 12:50:00,"Jim Durrell Complex","Central","Adult","Skating",45.372846,-75.6597
"128",2016-01-06,2016-01-06 12:00:00,2016-01-06 12:50:00,"Jim Durrell Complex","Central","Adult","Skating",45.372846,-75.6597
"129",2016-01-13,2016-01-13 12:00:00,2016-01-13 12:50:00,"Jim Durrell Complex","Central","Adult","Skating",45.372846,-75.6597
"130",2016-01-20,2016-01-20 12:00:00,2016-01-20 12:50:00,"Jim Durrell Complex","Central","Adult","Skating",45.372846,-75.6597
"131",2016-01-27,2016-01-27 12:00:00,2016-01-27 12:50:00,"Jim Durrell Complex","Central","Adult","Skating",45.372846,-75.6597
"132",2016-02-03,2016-02-03 12:00:00,2016-02-03 12:50:00,"Jim Durrell Complex","Central","Adult","Skating",45.372846,-75.6597
"133",2016-02-10,2016-02-10 12:00:00,2016-02-10 12:50:00,"Jim Durrell Complex","Central","Adult","Skating",45.372846,-75.6597
"134",2016-02-17,2016-02-17 12:00:00,2016-02-17 12:50:00,"Jim Durrell Complex","Central","Adult","Skating",45.372846,-75.6597
"135",2016-02-24,2016-02-24 12:00:00,2016-02-24 12:50:00,"Jim Durrell Complex","Central","Adult","Skating",45.372846,-75.6597
"136",2016-03-02,2016-03-02 12:00:00,2016-03-02 12:50:00,"Jim Durrell Complex","Central","Adult","Skating",45.372846,-75.6597
"137",2016-03-09,2016-03-09 12:00:00,2016-03-09 12:50:00,"Jim Durrell Complex","Central","Adult","Skating",45.372846,-75.6597
"138",2016-03-16,2016-03-16 12:00:00,2016-03-16 12:50:00,"Jim Durrell Complex","Central","Adult","Skating",45.372846,-75.6597
"139",2016-03-23,2016-03-23 12:00:00,2016-03-23 12:50:00,"Jim Durrell Complex","Central","Adult","Skating",45.372846,-75.6597
"140",2015-09-10,2015-09-10 16:30:00,2015-09-10 17:20:00,"Jim Durrell Complex","Central","Public","Skating",45.372846,-75.6597
"141",2015-09-17,2015-09-17 16:30:00,2015-09-17 17:20:00,"Jim Durrell Complex","Central","Public","Skating",45.372846,-75.6597
"142",2015-09-24,2015-09-24 16:30:00,2015-09-24 17:20:00,"Jim Durrell Complex","Central","Public","Skating",45.372846,-75.6597
"143",2015-09-11,2015-09-11 12:00:00,2015-09-11 12:50:00,"Jim Durrell Complex","Central","Adult","Skating",45.372846,-75.6597
"144",2015-09-18,2015-09-18 12:00:00,2015-09-18 12:50:00,"Jim Durrell Complex","Central","Adult","Skating",45.372846,-75.6597
"145",2015-09-25,2015-09-25 12:00:00,2015-09-25 12:50:00,"Jim Durrell Complex","Central","Adult","Skating",45.372846,-75.6597
"146",2015-10-02,2015-10-02 12:00:00,2015-10-02 12:50:00,"Jim Durrell Complex","Central","Adult","Skating",45.372846,-75.6597
"147",2015-10-09,2015-10-09 12:00:00,2015-10-09 12:50:00,"Jim Durrell Complex","Central","Adult","Skating",45.372846,-75.6597
"148",2015-10-16,2015-10-16 12:00:00,2015-10-16 12:50:00,"Jim Durrell Complex","Central","Adult","Skating",45.372846,-75.6597
"149",2015-10-23,2015-10-23 12:00:00,2015-10-23 12:50:00,"Jim Durrell Complex","Central","Adult","Skating",45.372846,-75.6597
"150",2015-10-30,2015-10-30 12:00:00,2015-10-30 12:50:00,"Jim Durrell Complex","Central","Adult","Skating",45.372846,-75.6597
"151",2015-11-06,2015-11-06 12:00:00,2015-11-06 12:50:00,"Jim Durrell Complex","Central","Adult","Skating",45.372846,-75.6597
"152",2015-11-13,2015-11-13 12:00:00,2015-11-13 12:50:00,"Jim Durrell Complex","Central","Adult","Skating",45.372846,-75.6597
"153",2015-11-20,2015-11-20 12:00:00,2015-11-20 12:50:00,"Jim Durrell Complex","Central","Adult","Skating",45.372846,-75.6597
"154",2015-11-27,2015-11-27 12:00:00,2015-11-27 12:50:00,"Jim Durrell Complex","Central","Adult","Skating",45.372846,-75.6597
"156",2015-12-11,2015-12-11 12:00:00,2015-12-11 12:50:00,"Jim Durrell Complex","Central","Adult","Skating",45.372846,-75.6597
"157",2015-12-18,2015-12-18 12:00:00,2015-12-18 12:50:00,"Jim Durrell Complex","Central","Adult","Skating",45.372846,-75.6597
"158",2015-12-25,2015-12-25 12:00:00,2015-12-25 12:50:00,"Jim Durrell Complex","Central","Adult","Skating",45.372846,-75.6597
"159",2016-01-01,2016-01-01 12:00:00,2016-01-01 12:50:00,"Jim Durrell Complex","Central","Adult","Skating",45.372846,-75.6597
"160",2016-01-08,2016-01-08 12:00:00,2016-01-08 12:50:00,"Jim Durrell Complex","Central","Adult","Skating",45.372846,-75.6597
"161",2016-01-15,2016-01-15 12:00:00,2016-01-15 12:50:00,"Jim Durrell Complex","Central","Adult","Skating",45.372846,-75.6597
"162",2016-01-22,2016-01-22 12:00:00,2016-01-22 12:50:00,"Jim Durrell Complex","Central","Adult","Skating",45.372846,-75.6597
"163",2016-01-29,2016-01-29 12:00:00,2016-01-29 12:50:00,"Jim Durrell Complex","Central","Adult","Skating",45.372846,-75.6597
"164",2016-02-05,2016-02-05 12:00:00,2016-02-05 12:50:00,"Jim Durrell Complex","Central","Adult","Skating",45.372846,-75.6597
"165",2016-02-12,2016-02-12 12:00:00,2016-02-12 12:50:00,"Jim Durrell Complex","Central","Adult","Skating",45.372846,-75.6597
"166",2016-02-19,2016-02-19 12:00:00,2016-02-19 12:50:00,"Jim Durrell Complex","Central","Adult","Skating",45.372846,-75.6597
"167",2016-02-26,2016-02-26 12:00:00,2016-02-26 12:50:00,"Jim Durrell Complex","Central","Adult","Skating",45.372846,-75.6597
"168",2016-03-04,2016-03-04 12:00:00,2016-03-04 12:50:00,"Jim Durrell Complex","Central","Adult","Skating",45.372846,-75.6597
"169",2016-03-11,2016-03-11 12:00:00,2016-03-11 12:50:00,"Jim Durrell Complex","Central","Adult","Skating",45.372846,-75.6597
"170",2016-03-18,2016-03-18 12:00:00,2016-03-18 12:50:00,"Jim Durrell Complex","Central","Adult","Skating",45.372846,-75.6597
"171",2016-03-25,2016-03-25 12:00:00,2016-03-25 12:50:00,"Jim Durrell Complex","Central","Adult","Skating",45.372846,-75.6597
"172",2016-04-01,2016-04-01 12:00:00,2016-04-01 12:50:00,"Jim Durrell Complex","Central","Adult","Skating",45.372846,-75.6597
"173",2015-09-13,2015-09-13 16:30:00,2015-09-13 17:20:00,"Jim Durrell Complex","Central","Public","Skating",45.372846,-75.6597
"174",2015-09-20,2015-09-20 16:30:00,2015-09-20 17:20:00,"Jim Durrell Complex","Central","Public","Skating",45.372846,-75.6597
"175",2015-09-27,2015-09-27 16:30:00,2015-09-27 17:20:00,"Jim Durrell Complex","Central","Public","Skating",45.372846,-75.6597
"176",2015-10-04,2015-10-04 16:30:00,2015-10-04 17:20:00,"Jim Durrell Complex","Central","Public","Skating",45.372846,-75.6597
"177",2015-10-11,2015-10-11 16:30:00,2015-10-11 17:20:00,"Jim Durrell Complex","Central","Public","Skating",45.372846,-75.6597
"178",2015-10-18,2015-10-18 16:30:00,2015-10-18 17:20:00,"Jim Durrell Complex","Central","Public","Skating",45.372846,-75.6597
"179",2015-10-25,2015-10-25 16:30:00,2015-10-25 17:20:00,"Jim Durrell Complex","Central","Public","Skating",45.372846,-75.6597
"180",2015-11-01,2015-11-01 16:30:00,2015-11-01 17:20:00,"Jim Durrell Complex","Central","Public","Skating",45.372846,-75.6597
"181",2015-11-08,2015-11-08 16:30:00,2015-11-08 17:20:00,"Jim Durrell Complex","Central","Public","Skating",45.372846,-75.6597
"182",2015-11-15,2015-11-15 16:30:00,2015-11-15 17:20:00,"Jim Durrell Complex","Central","Public","Skating",45.372846,-75.6597
"183",2015-11-22,2015-11-22 16:30:00,2015-11-22 17:20:00,"Jim Durrell Complex","Central","Public","Skating",45.372846,-75.6597
"186",2015-12-13,2015-12-13 16:30:00,2015-12-13 17:20:00,"Jim Durrell Complex","Central","Public","Skating",45.372846,-75.6597
"187",2015-12-20,2015-12-20 16:30:00,2015-12-20 17:20:00,"Jim Durrell Complex","Central","Public","Skating",45.372846,-75.6597
"188",2015-12-27,2015-12-27 16:30:00,2015-12-27 17:20:00,"Jim Durrell Complex","Central","Public","Skating",45.372846,-75.6597
"189",2016-01-03,2016-01-03 16:30:00,2016-01-03 17:20:00,"Jim Durrell Complex","Central","Public","Skating",45.372846,-75.6597
"190",2016-01-10,2016-01-10 16:30:00,2016-01-10 17:20:00,"Jim Durrell Complex","Central","Public","Skating",45.372846,-75.6597
"191",2016-01-17,2016-01-17 16:30:00,2016-01-17 17:20:00,"Jim Durrell Complex","Central","Public","Skating",45.372846,-75.6597
"192",2016-01-24,2016-01-24 16:30:00,2016-01-24 17:20:00,"Jim Durrell Complex","Central","Public","Skating",45.372846,-75.6597
"193",2016-01-31,2016-01-31 16:30:00,2016-01-31 17:20:00,"Jim Durrell Complex","Central","Public","Skating",45.372846,-75.6597
"194",2016-02-07,2016-02-07 16:30:00,2016-02-07 17:20:00,"Jim Durrell Complex","Central","Public","Skating",45.372846,-75.6597
"195",2016-02-14,2016-02-14 16:30:00,2016-02-14 17:20:00,"Jim Durrell Complex","Central","Public","Skating",45.372846,-75.6597
"196",2016-02-21,2016-02-21 16:30:00,2016-02-21 17:20:00,"Jim Durrell Complex","Central","Public","Skating",45.372846,-75.6597
"197",2016-02-28,2016-02-28 16:30:00,2016-02-28 17:20:00,"Jim Durrell Complex","Central","Public","Skating",45.372846,-75.6597
"198",2016-03-06,2016-03-06 16:30:00,2016-03-06 17:20:00,"Jim Durrell Complex","Central","Public","Skating",45.372846,-75.6597
"199",2016-03-13,2016-03-13 16:30:00,2016-03-13 17:20:00,"Jim Durrell Complex","Central","Public","Skating",45.372846,-75.6597
"200",2015-09-13,2015-09-13 15:30:00,2015-09-13 16:20:00,"Jim Durrell Complex","Central","Family","Skating",45.372846,-75.6597
"201",2015-09-20,2015-09-20 15:30:00,2015-09-20 16:20:00,"Jim Durrell Complex","Central","Family","Skating",45.372846,-75.6597
"202",2015-09-27,2015-09-27 15:30:00,2015-09-27 16:20:00,"Jim Durrell Complex","Central","Family","Skating",45.372846,-75.6597
"203",2015-10-04,2015-10-04 15:30:00,2015-10-04 16:20:00,"Jim Durrell Complex","Central","Family","Skating",45.372846,-75.6597
"204",2015-10-11,2015-10-11 15:30:00,2015-10-11 16:20:00,"Jim Durrell Complex","Central","Family","Skating",45.372846,-75.6597
"205",2015-10-18,2015-10-18 15:30:00,2015-10-18 16:20:00,"Jim Durrell Complex","Central","Family","Skating",45.372846,-75.6597
"206",2015-10-25,2015-10-25 15:30:00,2015-10-25 16:20:00,"Jim Durrell Complex","Central","Family","Skating",45.372846,-75.6597
"207",2015-11-01,2015-11-01 15:30:00,2015-11-01 16:20:00,"Jim Durrell Complex","Central","Family","Skating",45.372846,-75.6597
"208",2015-11-08,2015-11-08 15:30:00,2015-11-08 16:20:00,"Jim Durrell Complex","Central","Family","Skating",45.372846,-75.6597
"209",2015-11-15,2015-11-15 15:30:00,2015-11-15 16:20:00,"Jim Durrell Complex","Central","Family","Skating",45.372846,-75.6597
"210",2015-11-22,2015-11-22 15:30:00,2015-11-22 16:20:00,"Jim Durrell Complex","Central","Family","Skating",45.372846,-75.6597
"211",2015-11-29,2015-11-29 15:30:00,2015-11-29 16:20:00,"Jim Durrell Complex","Central","Family","Skating",45.372846,-75.6597
"213",2015-12-13,2015-12-13 15:30:00,2015-12-13 16:20:00,"Jim Durrell Complex","Central","Family","Skating",45.372846,-75.6597
"214",2015-12-20,2015-12-20 15:30:00,2015-12-20 16:20:00,"Jim Durrell Complex","Central","Family","Skating",45.372846,-75.6597
"215",2015-12-27,2015-12-27 15:30:00,2015-12-27 16:20:00,"Jim Durrell Complex","Central","Family","Skating",45.372846,-75.6597
"216",2016-01-03,2016-01-03 15:30:00,2016-01-03 16:20:00,"Jim Durrell Complex","Central","Family","Skating",45.372846,-75.6597
"217",2016-01-10,2016-01-10 15:30:00,2016-01-10 16:20:00,"Jim Durrell Complex","Central","Family","Skating",45.372846,-75.6597
"218",2016-01-17,2016-01-17 15:30:00,2016-01-17 16:20:00,"Jim Durrell Complex","Central","Family","Skating",45.372846,-75.6597
"219",2016-01-24,2016-01-24 15:30:00,2016-01-24 16:20:00,"Jim Durrell Complex","Central","Family","Skating",45.372846,-75.6597
"220",2016-01-31,2016-01-31 15:30:00,2016-01-31 16:20:00,"Jim Durrell Complex","Central","Family","Skating",45.372846,-75.6597
"221",2016-02-07,2016-02-07 15:30:00,2016-02-07 16:20:00,"Jim Durrell Complex","Central","Family","Skating",45.372846,-75.6597
"222",2016-02-14,2016-02-14 15:30:00,2016-02-14 16:20:00,"Jim Durrell Complex","Central","Family","Skating",45.372846,-75.6597
"223",2016-02-21,2016-02-21 15:30:00,2016-02-21 16:20:00,"Jim Durrell Complex","Central","Family","Skating",45.372846,-75.6597
"224",2016-02-28,2016-02-28 15:30:00,2016-02-28 16:20:00,"Jim Durrell Complex","Central","Family","Skating",45.372846,-75.6597
"225",2016-03-06,2016-03-06 15:30:00,2016-03-06 16:20:00,"Jim Durrell Complex","Central","Family","Skating",45.372846,-75.6597
"226",2016-03-13,2016-03-13 15:30:00,2016-03-13 16:20:00,"Jim Durrell Complex","Central","Family","Skating",45.372846,-75.6597
"227",2016-03-20,2016-03-20 15:30:00,2016-03-20 16:20:00,"Jim Durrell Complex","Central","Family","Skating",45.372846,-75.6597
"228",2016-03-27,2016-03-27 15:30:00,2016-03-27 16:20:00,"Jim Durrell Complex","Central","Family","Skating",45.372846,-75.6597
"229",2015-09-14,2015-09-14 12:00:00,2015-09-14 12:50:00,"Jim Durrell Complex","Central","Adult","Skating",45.372846,-75.6597
"230",2015-09-21,2015-09-21 12:00:00,2015-09-21 12:50:00,"Jim Durrell Complex","Central","Adult","Skating",45.372846,-75.6597
"231",2015-09-28,2015-09-28 12:00:00,2015-09-28 12:50:00,"Jim Durrell Complex","Central","Adult","Skating",45.372846,-75.6597
"232",2015-10-05,2015-10-05 12:00:00,2015-10-05 12:50:00,"Jim Durrell Complex","Central","Adult","Skating",45.372846,-75.6597
"233",2015-10-12,2015-10-12 12:00:00,2015-10-12 12:50:00,"Jim Durrell Complex","Central","Adult","Skating",45.372846,-75.6597
"234",2015-10-19,2015-10-19 12:00:00,2015-10-19 12:50:00,"Jim Durrell Complex","Central","Adult","Skating",45.372846,-75.6597
"235",2015-10-26,2015-10-26 12:00:00,2015-10-26 12:50:00,"Jim Durrell Complex","Central","Adult","Skating",45.372846,-75.6597
"236",2015-11-02,2015-11-02 12:00:00,2015-11-02 12:50:00,"Jim Durrell Complex","Central","Adult","Skating",45.372846,-75.6597
"237",2015-11-09,2015-11-09 12:00:00,2015-11-09 12:50:00,"Jim Durrell Complex","Central","Adult","Skating",45.372846,-75.6597
"238",2015-11-16,2015-11-16 12:00:00,2015-11-16 12:50:00,"Jim Durrell Complex","Central","Adult","Skating",45.372846,-75.6597
"239",2015-11-23,2015-11-23 12:00:00,2015-11-23 12:50:00,"Jim Durrell Complex","Central","Adult","Skating",45.372846,-75.6597
"240",2015-11-30,2015-11-30 12:00:00,2015-11-30 12:50:00,"Jim Durrell Complex","Central","Adult","Skating",45.372846,-75.6597
"241",2015-12-07,2015-12-07 12:00:00,2015-12-07 12:50:00,"Jim Durrell Complex","Central","Adult","Skating",45.372846,-75.6597
"242",2015-12-14,2015-12-14 12:00:00,2015-12-14 12:50:00,"Jim Durrell Complex","Central","Adult","Skating",45.372846,-75.6597
"243",2015-12-21,2015-12-21 12:00:00,2015-12-21 12:50:00,"Jim Durrell Complex","Central","Adult","Skating",45.372846,-75.6597
"245",2016-01-04,2016-01-04 12:00:00,2016-01-04 12:50:00,"Jim Durrell Complex","Central","Adult","Skating",45.372846,-75.6597
"246",2016-01-11,2016-01-11 12:00:00,2016-01-11 12:50:00,"Jim Durrell Complex","Central","Adult","Skating",45.372846,-75.6597
"247",2016-01-18,2016-01-18 12:00:00,2016-01-18 12:50:00,"Jim Durrell Complex","Central","Adult","Skating",45.372846,-75.6597
"248",2016-01-25,2016-01-25 12:00:00,2016-01-25 12:50:00,"Jim Durrell Complex","Central","Adult","Skating",45.372846,-75.6597
"249",2016-02-01,2016-02-01 12:00:00,2016-02-01 12:50:00,"Jim Durrell Complex","Central","Adult","Skating",45.372846,-75.6597
"250",2016-02-08,2016-02-08 12:00:00,2016-02-08 12:50:00,"Jim Durrell Complex","Central","Adult","Skating",45.372846,-75.6597
"251",2016-02-15,2016-02-15 12:00:00,2016-02-15 12:50:00,"Jim Durrell Complex","Central","Adult","Skating",45.372846,-75.6597
"252",2016-02-22,2016-02-22 12:00:00,2016-02-22 12:50:00,"Jim Durrell Complex","Central","Adult","Skating",45.372846,-75.6597
"253",2016-02-29,2016-02-29 12:00:00,2016-02-29 12:50:00,"Jim Durrell Complex","Central","Adult","Skating",45.372846,-75.6597
"254",2016-03-07,2016-03-07 12:00:00,2016-03-07 12:50:00,"Jim Durrell Complex","Central","Adult","Skating",45.372846,-75.6597
"255",2016-03-14,2016-03-14 12:00:00,2016-03-14 12:50:00,"Jim Durrell Complex","Central","Adult","Skating",45.372846,-75.6597
"256",2016-03-21,2016-03-21 12:00:00,2016-03-21 12:50:00,"Jim Durrell Complex","Central","Adult","Skating",45.372846,-75.6597
"257",2016-03-28,2016-03-28 12:00:00,2016-03-28 12:50:00,"Jim Durrell Complex","Central","Adult","Skating",45.372846,-75.6597
"258",2015-09-13,2015-09-13 12:30:00,2015-09-13 13:20:00,"Kanata","West","Public","Skating",45.295047,-75.903432
"259",2015-09-20,2015-09-20 12:30:00,2015-09-20 13:20:00,"Kanata","West","Public","Skating",45.295047,-75.903432
"260",2015-09-27,2015-09-27 12:30:00,2015-09-27 13:20:00,"Kanata","West","Public","Skating",45.295047,-75.903432
"261",2015-09-13,2015-09-13 13:30:00,2015-09-13 14:20:00,"Kanata","West","Family","Skating",45.295047,-75.903432
"262",2015-09-20,2015-09-20 13:30:00,2015-09-20 14:20:00,"Kanata","West","Family","Skating",45.295047,-75.903432
"263",2015-09-27,2015-09-27 13:30:00,2015-09-27 14:20:00,"Kanata","West","Family","Skating",45.295047,-75.903432
"264",2015-09-13,2015-09-13 12:30:00,2015-09-13 13:20:00,"Kanata","West","Public","Skating",45.295047,-75.903432
"265",2015-09-20,2015-09-20 12:30:00,2015-09-20 13:20:00,"Kanata","West","Public","Skating",45.295047,-75.903432
"266",2015-09-27,2015-09-27 12:30:00,2015-09-27 13:20:00,"Kanata","West","Public","Skating",45.295047,-75.903432
"267",2015-10-04,2015-10-04 12:30:00,2015-10-04 13:20:00,"Kanata","West","Public","Skating",45.295047,-75.903432
"269",2015-10-18,2015-10-18 12:30:00,2015-10-18 13:20:00,"Kanata","West","Public","Skating",45.295047,-75.903432
"270",2015-10-25,2015-10-25 12:30:00,2015-10-25 13:20:00,"Kanata","West","Public","Skating",45.295047,-75.903432
"271",2015-11-01,2015-11-01 12:30:00,2015-11-01 13:20:00,"Kanata","West","Public","Skating",45.295047,-75.903432
"272",2015-11-08,2015-11-08 12:30:00,2015-11-08 13:20:00,"Kanata","West","Public","Skating",45.295047,-75.903432
"273",2015-11-15,2015-11-15 12:30:00,2015-11-15 13:20:00,"Kanata","West","Public","Skating",45.295047,-75.903432
"274",2015-11-22,2015-11-22 12:30:00,2015-11-22 13:20:00,"Kanata","West","Public","Skating",45.295047,-75.903432
"275",2015-11-29,2015-11-29 12:30:00,2015-11-29 13:20:00,"Kanata","West","Public","Skating",45.295047,-75.903432
"276",2015-12-06,2015-12-06 12:30:00,2015-12-06 13:20:00,"Kanata","West","Public","Skating",45.295047,-75.903432
"277",2015-12-13,2015-12-13 12:30:00,2015-12-13 13:20:00,"Kanata","West","Public","Skating",45.295047,-75.903432
"278",2015-12-20,2015-12-20 12:30:00,2015-12-20 13:20:00,"Kanata","West","Public","Skating",45.295047,-75.903432
"279",2015-12-27,2015-12-27 12:30:00,2015-12-27 13:20:00,"Kanata","West","Public","Skating",45.295047,-75.903432
"280",2016-01-03,2016-01-03 12:30:00,2016-01-03 13:20:00,"Kanata","West","Public","Skating",45.295047,-75.903432
"281",2016-01-10,2016-01-10 12:30:00,2016-01-10 13:20:00,"Kanata","West","Public","Skating",45.295047,-75.903432
"282",2016-01-17,2016-01-17 12:30:00,2016-01-17 13:20:00,"Kanata","West","Public","Skating",45.295047,-75.903432
"283",2016-01-24,2016-01-24 12:30:00,2016-01-24 13:20:00,"Kanata","West","Public","Skating",45.295047,-75.903432
"284",2016-01-31,2016-01-31 12:30:00,2016-01-31 13:20:00,"Kanata","West","Public","Skating",45.295047,-75.903432
"285",2016-02-07,2016-02-07 12:30:00,2016-02-07 13:20:00,"Kanata","West","Public","Skating",45.295047,-75.903432
"286",2016-02-14,2016-02-14 12:30:00,2016-02-14 13:20:00,"Kanata","West","Public","Skating",45.295047,-75.903432
"287",2016-02-21,2016-02-21 12:30:00,2016-02-21 13:20:00,"Kanata","West","Public","Skating",45.295047,-75.903432
"288",2016-02-28,2016-02-28 12:30:00,2016-02-28 13:20:00,"Kanata","West","Public","Skating",45.295047,-75.903432
"289",2016-03-06,2016-03-06 12:30:00,2016-03-06 13:20:00,"Kanata","West","Public","Skating",45.295047,-75.903432
"290",2016-03-13,2016-03-13 12:30:00,2016-03-13 13:20:00,"Kanata","West","Public","Skating",45.295047,-75.903432
"291",2016-03-20,2016-03-20 12:30:00,2016-03-20 13:20:00,"Kanata","West","Public","Skating",45.295047,-75.903432
"292",2016-03-27,2016-03-27 12:30:00,2016-03-27 13:20:00,"Kanata","West","Public","Skating",45.295047,-75.903432
"293",2016-04-03,2016-04-03 12:30:00,2016-04-03 13:20:00,"Kanata","West","Public","Skating",45.295047,-75.903432
"294",2016-04-10,2016-04-10 12:30:00,2016-04-10 13:20:00,"Kanata","West","Public","Skating",45.295047,-75.903432
"295",2015-09-13,2015-09-13 13:00:00,2015-09-13 15:00:00,"Bob MacQuarrie - Orléans","East","Public","Skating",45.466459,-75.545228
"296",2015-09-20,2015-09-20 13:00:00,2015-09-20 15:00:00,"Bob MacQuarrie - Orléans","East","Public","Skating",45.466459,-75.545228
"297",2015-09-27,2015-09-27 13:00:00,2015-09-27 15:00:00,"Bob MacQuarrie - Orléans","East","Public","Skating",45.466459,-75.545228
"298",2015-09-07,2015-09-07 13:00:00,2015-09-07 15:00:00,"Bob MacQuarrie - Orléans","East","Family","Skating",45.466459,-75.545228
"299",2015-09-14,2015-09-14 13:00:00,2015-09-14 15:00:00,"Bob MacQuarrie - Orléans","East","Family","Skating",45.466459,-75.545228
"300",2015-09-21,2015-09-21 13:00:00,2015-09-21 15:00:00,"Bob MacQuarrie - Orléans","East","Family","Skating",45.466459,-75.545228
"301",2015-09-28,2015-09-28 13:00:00,2015-09-28 15:00:00,"Bob MacQuarrie - Orléans","East","Family","Skating",45.466459,-75.545228
"302",2015-09-12,2015-09-12 12:00:00,2015-09-12 12:50:00,"Ray Friel","East","Public","Skating",45.471382,-75.49173
"303",2015-09-19,2015-09-19 12:00:00,2015-09-19 12:50:00,"Ray Friel","East","Public","Skating",45.471382,-75.49173
"304",2015-09-26,2015-09-26 12:00:00,2015-09-26 12:50:00,"Ray Friel","East","Public","Skating",45.471382,-75.49173
"305",2015-10-03,2015-10-03 12:00:00,2015-10-03 12:50:00,"Ray Friel","East","Public","Skating",45.471382,-75.49173
"306",2015-10-10,2015-10-10 12:00:00,2015-10-10 12:50:00,"Ray Friel","East","Public","Skating",45.471382,-75.49173
"307",2015-10-17,2015-10-17 12:00:00,2015-10-17 12:50:00,"Ray Friel","East","Public","Skating",45.471382,-75.49173
"308",2015-10-24,2015-10-24 12:00:00,2015-10-24 12:50:00,"Ray Friel","East","Public","Skating",45.471382,-75.49173
"309",2015-10-31,2015-10-31 12:00:00,2015-10-31 12:50:00,"Ray Friel","East","Public","Skating",45.471382,-75.49173
"310",2015-11-07,2015-11-07 12:00:00,2015-11-07 12:50:00,"Ray Friel","East","Public","Skating",45.471382,-75.49173
"311",2015-11-14,2015-11-14 12:00:00,2015-11-14 12:50:00,"Ray Friel","East","Public","Skating",45.471382,-75.49173
"312",2015-11-21,2015-11-21 12:00:00,2015-11-21 12:50:00,"Ray Friel","East","Public","Skating",45.471382,-75.49173
"313",2015-11-28,2015-11-28 12:00:00,2015-11-28 12:50:00,"Ray Friel","East","Public","Skating",45.471382,-75.49173
"314",2015-12-05,2015-12-05 12:00:00,2015-12-05 12:50:00,"Ray Friel","East","Public","Skating",45.471382,-75.49173
"315",2015-12-12,2015-12-12 12:00:00,2015-12-12 12:50:00,"Ray Friel","East","Public","Skating",45.471382,-75.49173
"316",2015-12-19,2015-12-19 12:00:00,2015-12-19 12:50:00,"Ray Friel","East","Public","Skating",45.471382,-75.49173
"318",2016-01-02,2016-01-02 12:00:00,2016-01-02 12:50:00,"Ray Friel","East","Public","Skating",45.471382,-75.49173
"319",2016-01-09,2016-01-09 12:00:00,2016-01-09 12:50:00,"Ray Friel","East","Public","Skating",45.471382,-75.49173
"320",2016-01-16,2016-01-16 12:00:00,2016-01-16 12:50:00,"Ray Friel","East","Public","Skating",45.471382,-75.49173
"321",2016-01-23,2016-01-23 12:00:00,2016-01-23 12:50:00,"Ray Friel","East","Public","Skating",45.471382,-75.49173
"322",2016-01-30,2016-01-30 12:00:00,2016-01-30 12:50:00,"Ray Friel","East","Public","Skating",45.471382,-75.49173
"323",2016-02-06,2016-02-06 12:00:00,2016-02-06 12:50:00,"Ray Friel","East","Public","Skating",45.471382,-75.49173
"324",2016-02-13,2016-02-13 12:00:00,2016-02-13 12:50:00,"Ray Friel","East","Public","Skating",45.471382,-75.49173
"325",2016-02-20,2016-02-20 12:00:00,2016-02-20 12:50:00,"Ray Friel","East","Public","Skating",45.471382,-75.49173
"326",2016-02-27,2016-02-27 12:00:00,2016-02-27 12:50:00,"Ray Friel","East","Public","Skating",45.471382,-75.49173
"327",2016-03-05,2016-03-05 12:00:00,2016-03-05 12:50:00,"Ray Friel","East","Public","Skating",45.471382,-75.49173
"328",2016-03-12,2016-03-12 12:00:00,2016-03-12 12:50:00,"Ray Friel","East","Public","Skating",45.471382,-75.49173
"329",2016-03-19,2016-03-19 12:00:00,2016-03-19 12:50:00,"Ray Friel","East","Public","Skating",45.471382,-75.49173
"330",2016-03-26,2016-03-26 12:00:00,2016-03-26 12:50:00,"Ray Friel","East","Public","Skating",45.471382,-75.49173
"331",2016-04-02,2016-04-02 12:00:00,2016-04-02 12:50:00,"Ray Friel","East","Public","Skating",45.471382,-75.49173
"332",2016-04-09,2016-04-09 12:00:00,2016-04-09 12:50:00,"Ray Friel","East","Public","Skating",45.471382,-75.49173
"333",2015-09-09,2015-09-09 11:00:00,2015-09-09 11:50:00,"Ray Friel","East","Public","Skating",45.471382,-75.49173
"334",2015-09-16,2015-09-16 11:00:00,2015-09-16 11:50:00,"Ray Friel","East","Public","Skating",45.471382,-75.49173
"335",2015-09-23,2015-09-23 11:00:00,2015-09-23 11:50:00,"Ray Friel","East","Public","Skating",45.471382,-75.49173
"336",2015-09-30,2015-09-30 11:00:00,2015-09-30 11:50:00,"Ray Friel","East","Public","Skating",45.471382,-75.49173
"337",2015-10-07,2015-10-07 11:00:00,2015-10-07 11:50:00,"Ray Friel","East","Public","Skating",45.471382,-75.49173
"338",2015-10-14,2015-10-14 11:00:00,2015-10-14 11:50:00,"Ray Friel","East","Public","Skating",45.471382,-75.49173
"339",2015-10-21,2015-10-21 11:00:00,2015-10-21 11:50:00,"Ray Friel","East","Public","Skating",45.471382,-75.49173
"340",2015-10-28,2015-10-28 11:00:00,2015-10-28 11:50:00,"Ray Friel","East","Public","Skating",45.471382,-75.49173
"341",2015-11-04,2015-11-04 11:00:00,2015-11-04 11:50:00,"Ray Friel","East","Public","Skating",45.471382,-75.49173
"342",2015-11-11,2015-11-11 11:00:00,2015-11-11 11:50:00,"Ray Friel","East","Public","Skating",45.471382,-75.49173
"343",2015-11-18,2015-11-18 11:00:00,2015-11-18 11:50:00,"Ray Friel","East","Public","Skating",45.471382,-75.49173
"344",2015-11-25,2015-11-25 11:00:00,2015-11-25 11:50:00,"Ray Friel","East","Public","Skating",45.471382,-75.49173
"345",2015-12-02,2015-12-02 11:00:00,2015-12-02 11:50:00,"Ray Friel","East","Public","Skating",45.471382,-75.49173
"346",2015-12-09,2015-12-09 11:00:00,2015-12-09 11:50:00,"Ray Friel","East","Public","Skating",45.471382,-75.49173
"347",2015-12-16,2015-12-16 11:00:00,2015-12-16 11:50:00,"Ray Friel","East","Public","Skating",45.471382,-75.49173
"348",2015-12-23,2015-12-23 11:00:00,2015-12-23 11:50:00,"Ray Friel","East","Public","Skating",45.471382,-75.49173
"349",2015-12-30,2015-12-30 11:00:00,2015-12-30 11:50:00,"Ray Friel","East","Public","Skating",45.471382,-75.49173
"350",2016-01-06,2016-01-06 11:00:00,2016-01-06 11:50:00,"Ray Friel","East","Public","Skating",45.471382,-75.49173
"351",2016-01-13,2016-01-13 11:00:00,2016-01-13 11:50:00,"Ray Friel","East","Public","Skating",45.471382,-75.49173
"352",2016-01-20,2016-01-20 11:00:00,2016-01-20 11:50:00,"Ray Friel","East","Public","Skating",45.471382,-75.49173
"353",2016-01-27,2016-01-27 11:00:00,2016-01-27 11:50:00,"Ray Friel","East","Public","Skating",45.471382,-75.49173
"354",2016-02-03,2016-02-03 11:00:00,2016-02-03 11:50:00,"Ray Friel","East","Public","Skating",45.471382,-75.49173
"355",2016-02-10,2016-02-10 11:00:00,2016-02-10 11:50:00,"Ray Friel","East","Public","Skating",45.471382,-75.49173
"356",2016-02-17,2016-02-17 11:00:00,2016-02-17 11:50:00,"Ray Friel","East","Public","Skating",45.471382,-75.49173
"357",2016-02-24,2016-02-24 11:00:00,2016-02-24 11:50:00,"Ray Friel","East","Public","Skating",45.471382,-75.49173
"358",2016-03-02,2016-03-02 11:00:00,2016-03-02 11:50:00,"Ray Friel","East","Public","Skating",45.471382,-75.49173
"359",2016-03-09,2016-03-09 11:00:00,2016-03-09 11:50:00,"Ray Friel","East","Public","Skating",45.471382,-75.49173
"360",2016-03-16,2016-03-16 11:00:00,2016-03-16 11:50:00,"Ray Friel","East","Public","Skating",45.471382,-75.49173
"361",2016-03-23,2016-03-23 11:00:00,2016-03-23 11:50:00,"Ray Friel","East","Public","Skating",45.471382,-75.49173
"362",2016-03-30,2016-03-30 11:00:00,2016-03-30 11:50:00,"Ray Friel","East","Public","Skating",45.471382,-75.49173
"363",2016-04-06,2016-04-06 11:00:00,2016-04-06 11:50:00,"Ray Friel","East","Public","Skating",45.471382,-75.49173
"364",2016-04-13,2016-04-13 11:00:00,2016-04-13 11:50:00,"Ray Friel","East","Public","Skating",45.471382,-75.49173
"365",2016-04-20,2016-04-20 11:00:00,2016-04-20 11:50:00,"Ray Friel","East","Public","Skating",45.471382,-75.49173
"366",2016-04-27,2016-04-27 11:00:00,2016-04-27 11:50:00,"Ray Friel","East","Public","Skating",45.471382,-75.49173
"367",2015-09-11,2015-09-11 11:00:00,2015-09-11 11:50:00,"Ray Friel","East","Public","Skating",45.471382,-75.49173
"368",2015-09-18,2015-09-18 11:00:00,2015-09-18 11:50:00,"Ray Friel","East","Public","Skating",45.471382,-75.49173
"369",2015-09-25,2015-09-25 11:00:00,2015-09-25 11:50:00,"Ray Friel","East","Public","Skating",45.471382,-75.49173
"370",2015-10-02,2015-10-02 11:00:00,2015-10-02 11:50:00,"Ray Friel","East","Public","Skating",45.471382,-75.49173
"371",2015-10-09,2015-10-09 11:00:00,2015-10-09 11:50:00,"Ray Friel","East","Public","Skating",45.471382,-75.49173
"372",2015-10-16,2015-10-16 11:00:00,2015-10-16 11:50:00,"Ray Friel","East","Public","Skating",45.471382,-75.49173
"373",2015-10-23,2015-10-23 11:00:00,2015-10-23 11:50:00,"Ray Friel","East","Public","Skating",45.471382,-75.49173
"374",2015-10-30,2015-10-30 11:00:00,2015-10-30 11:50:00,"Ray Friel","East","Public","Skating",45.471382,-75.49173
"375",2015-11-06,2015-11-06 11:00:00,2015-11-06 11:50:00,"Ray Friel","East","Public","Skating",45.471382,-75.49173
"376",2015-11-13,2015-11-13 11:00:00,2015-11-13 11:50:00,"Ray Friel","East","Public","Skating",45.471382,-75.49173
"377",2015-11-20,2015-11-20 11:00:00,2015-11-20 11:50:00,"Ray Friel","East","Public","Skating",45.471382,-75.49173
"378",2015-11-27,2015-11-27 11:00:00,2015-11-27 11:50:00,"Ray Friel","East","Public","Skating",45.471382,-75.49173
"379",2015-12-04,2015-12-04 11:00:00,2015-12-04 11:50:00,"Ray Friel","East","Public","Skating",45.471382,-75.49173
"380",2015-12-11,2015-12-11 11:00:00,2015-12-11 11:50:00,"Ray Friel","East","Public","Skating",45.471382,-75.49173
"381",2015-12-18,2015-12-18 11:00:00,2015-12-18 11:50:00,"Ray Friel","East","Public","Skating",45.471382,-75.49173
"383",2016-01-01,2016-01-01 11:00:00,2016-01-01 11:50:00,"Ray Friel","East","Public","Skating",45.471382,-75.49173
"384",2016-01-08,2016-01-08 11:00:00,2016-01-08 11:50:00,"Ray Friel","East","Public","Skating",45.471382,-75.49173
"385",2016-01-15,2016-01-15 11:00:00,2016-01-15 11:50:00,"Ray Friel","East","Public","Skating",45.471382,-75.49173
"386",2016-01-22,2016-01-22 11:00:00,2016-01-22 11:50:00,"Ray Friel","East","Public","Skating",45.471382,-75.49173
"387",2016-01-29,2016-01-29 11:00:00,2016-01-29 11:50:00,"Ray Friel","East","Public","Skating",45.471382,-75.49173
"388",2016-02-05,2016-02-05 11:00:00,2016-02-05 11:50:00,"Ray Friel","East","Public","Skating",45.471382,-75.49173
"389",2016-02-12,2016-02-12 11:00:00,2016-02-12 11:50:00,"Ray Friel","East","Public","Skating",45.471382,-75.49173
"390",2016-02-19,2016-02-19 11:00:00,2016-02-19 11:50:00,"Ray Friel","East","Public","Skating",45.471382,-75.49173
"391",2016-02-26,2016-02-26 11:00:00,2016-02-26 11:50:00,"Ray Friel","East","Public","Skating",45.471382,-75.49173
"392",2016-03-04,2016-03-04 11:00:00,2016-03-04 11:50:00,"Ray Friel","East","Public","Skating",45.471382,-75.49173
"393",2016-03-11,2016-03-11 11:00:00,2016-03-11 11:50:00,"Ray Friel","East","Public","Skating",45.471382,-75.49173
"394",2016-03-18,2016-03-18 11:00:00,2016-03-18 11:50:00,"Ray Friel","East","Public","Skating",45.471382,-75.49173
"395",2016-03-25,2016-03-25 11:00:00,2016-03-25 11:50:00,"Ray Friel","East","Public","Skating",45.471382,-75.49173
"396",2016-04-01,2016-04-01 11:00:00,2016-04-01 11:50:00,"Ray Friel","East","Public","Skating",45.471382,-75.49173
"397",2015-09-11,2015-09-11 12:00:00,2015-09-11 13:20:00,"Ray Friel","East","Pickup 18+","Hockey",45.471382,-75.49173
"398",2015-09-18,2015-09-18 12:00:00,2015-09-18 13:20:00,"Ray Friel","East","Pickup 18+","Hockey",45.471382,-75.49173
"399",2015-09-25,2015-09-25 12:00:00,2015-09-25 13:20:00,"Ray Friel","East","Pickup 18+","Hockey",45.471382,-75.49173
"400",2015-10-02,2015-10-02 12:00:00,2015-10-02 13:20:00,"Ray Friel","East","Pickup 18+","Hockey",45.471382,-75.49173
"401",2015-10-09,2015-10-09 12:00:00,2015-10-09 13:20:00,"Ray Friel","East","Pickup 18+","Hockey",45.471382,-75.49173
"402",2015-10-16,2015-10-16 12:00:00,2015-10-16 13:20:00,"Ray Friel","East","Pickup 18+","Hockey",45.471382,-75.49173
"403",2015-10-23,2015-10-23 12:00:00,2015-10-23 13:20:00,"Ray Friel","East","Pickup 18+","Hockey",45.471382,-75.49173
"404",2015-10-30,2015-10-30 12:00:00,2015-10-30 13:20:00,"Ray Friel","East","Pickup 18+","Hockey",45.471382,-75.49173
"405",2015-11-06,2015-11-06 12:00:00,2015-11-06 13:20:00,"Ray Friel","East","Pickup 18+","Hockey",45.471382,-75.49173
"406",2015-11-13,2015-11-13 12:00:00,2015-11-13 13:20:00,"Ray Friel","East","Pickup 18+","Hockey",45.471382,-75.49173
"407",2015-11-20,2015-11-20 12:00:00,2015-11-20 13:20:00,"Ray Friel","East","Pickup 18+","Hockey",45.471382,-75.49173
"408",2015-11-27,2015-11-27 12:00:00,2015-11-27 13:20:00,"Ray Friel","East","Pickup 18+","Hockey",45.471382,-75.49173
"409",2015-12-04,2015-12-04 12:00:00,2015-12-04 13:20:00,"Ray Friel","East","Pickup 18+","Hockey",45.471382,-75.49173
"410",2015-12-11,2015-12-11 12:00:00,2015-12-11 13:20:00,"Ray Friel","East","Pickup 18+","Hockey",45.471382,-75.49173
"411",2015-12-18,2015-12-18 12:00:00,2015-12-18 13:20:00,"Ray Friel","East","Pickup 18+","Hockey",45.471382,-75.49173
"413",2016-01-01,2016-01-01 12:00:00,2016-01-01 13:20:00,"Ray Friel","East","Pickup 18+","Hockey",45.471382,-75.49173
"414",2016-01-08,2016-01-08 12:00:00,2016-01-08 13:20:00,"Ray Friel","East","Pickup 18+","Hockey",45.471382,-75.49173
"415",2016-01-15,2016-01-15 12:00:00,2016-01-15 13:20:00,"Ray Friel","East","Pickup 18+","Hockey",45.471382,-75.49173
"416",2016-01-22,2016-01-22 12:00:00,2016-01-22 13:20:00,"Ray Friel","East","Pickup 18+","Hockey",45.471382,-75.49173
"417",2016-01-29,2016-01-29 12:00:00,2016-01-29 13:20:00,"Ray Friel","East","Pickup 18+","Hockey",45.471382,-75.49173
"418",2016-02-05,2016-02-05 12:00:00,2016-02-05 13:20:00,"Ray Friel","East","Pickup 18+","Hockey",45.471382,-75.49173
"419",2016-02-12,2016-02-12 12:00:00,2016-02-12 13:20:00,"Ray Friel","East","Pickup 18+","Hockey",45.471382,-75.49173
"420",2016-02-19,2016-02-19 12:00:00,2016-02-19 13:20:00,"Ray Friel","East","Pickup 18+","Hockey",45.471382,-75.49173
"421",2016-02-26,2016-02-26 12:00:00,2016-02-26 13:20:00,"Ray Friel","East","Pickup 18+","Hockey",45.471382,-75.49173
"422",2016-03-04,2016-03-04 12:00:00,2016-03-04 13:20:00,"Ray Friel","East","Pickup 18+","Hockey",45.471382,-75.49173
"423",2016-03-11,2016-03-11 12:00:00,2016-03-11 13:20:00,"Ray Friel","East","Pickup 18+","Hockey",45.471382,-75.49173
"424",2016-03-18,2016-03-18 12:00:00,2016-03-18 13:20:00,"Ray Friel","East","Pickup 18+","Hockey",45.471382,-75.49173
"425",2016-03-25,2016-03-25 12:00:00,2016-03-25 13:20:00,"Ray Friel","East","Pickup 18+","Hockey",45.471382,-75.49173
"426",2016-04-01,2016-04-01 12:00:00,2016-04-01 13:20:00,"Ray Friel","East","Pickup 18+","Hockey",45.471382,-75.49173
"427",2016-04-08,2016-04-08 12:00:00,2016-04-08 13:20:00,"Ray Friel","East","Pickup 18+","Hockey",45.471382,-75.49173
"428",2015-09-13,2015-09-13 15:00:00,2015-09-13 15:50:00,"Ray Friel","East","Public","Skating",45.471382,-75.49173
"429",2015-09-20,2015-09-20 15:00:00,2015-09-20 15:50:00,"Ray Friel","East","Public","Skating",45.471382,-75.49173
"430",2015-09-27,2015-09-27 15:00:00,2015-09-27 15:50:00,"Ray Friel","East","Public","Skating",45.471382,-75.49173
"431",2015-10-04,2015-10-04 15:00:00,2015-10-04 15:50:00,"Ray Friel","East","Public","Skating",45.471382,-75.49173
"432",2015-10-11,2015-10-11 15:00:00,2015-10-11 15:50:00,"Ray Friel","East","Public","Skating",45.471382,-75.49173
"433",2015-10-18,2015-10-18 15:00:00,2015-10-18 15:50:00,"Ray Friel","East","Public","Skating",45.471382,-75.49173
"434",2015-10-25,2015-10-25 15:00:00,2015-10-25 15:50:00,"Ray Friel","East","Public","Skating",45.471382,-75.49173
"435",2015-11-01,2015-11-01 15:00:00,2015-11-01 15:50:00,"Ray Friel","East","Public","Skating",45.471382,-75.49173
"436",2015-11-08,2015-11-08 15:00:00,2015-11-08 15:50:00,"Ray Friel","East","Public","Skating",45.471382,-75.49173
"437",2015-11-15,2015-11-15 15:00:00,2015-11-15 15:50:00,"Ray Friel","East","Public","Skating",45.471382,-75.49173
"438",2015-11-22,2015-11-22 15:00:00,2015-11-22 15:50:00,"Ray Friel","East","Public","Skating",45.471382,-75.49173
"439",2015-11-29,2015-11-29 15:00:00,2015-11-29 15:50:00,"Ray Friel","East","Public","Skating",45.471382,-75.49173
"440",2015-12-06,2015-12-06 15:00:00,2015-12-06 15:50:00,"Ray Friel","East","Public","Skating",45.471382,-75.49173
"441",2015-12-13,2015-12-13 15:00:00,2015-12-13 15:50:00,"Ray Friel","East","Public","Skating",45.471382,-75.49173
"442",2015-12-20,2015-12-20 15:00:00,2015-12-20 15:50:00,"Ray Friel","East","Public","Skating",45.471382,-75.49173
"443",2015-12-27,2015-12-27 15:00:00,2015-12-27 15:50:00,"Ray Friel","East","Public","Skating",45.471382,-75.49173
"444",2016-01-03,2016-01-03 15:00:00,2016-01-03 15:50:00,"Ray Friel","East","Public","Skating",45.471382,-75.49173
"445",2016-01-10,2016-01-10 15:00:00,2016-01-10 15:50:00,"Ray Friel","East","Public","Skating",45.471382,-75.49173
"446",2016-01-17,2016-01-17 15:00:00,2016-01-17 15:50:00,"Ray Friel","East","Public","Skating",45.471382,-75.49173
"447",2016-01-24,2016-01-24 15:00:00,2016-01-24 15:50:00,"Ray Friel","East","Public","Skating",45.471382,-75.49173
"448",2016-01-31,2016-01-31 15:00:00,2016-01-31 15:50:00,"Ray Friel","East","Public","Skating",45.471382,-75.49173
"449",2016-02-07,2016-02-07 15:00:00,2016-02-07 15:50:00,"Ray Friel","East","Public","Skating",45.471382,-75.49173
"450",2016-02-14,2016-02-14 15:00:00,2016-02-14 15:50:00,"Ray Friel","East","Public","Skating",45.471382,-75.49173
"451",2016-02-21,2016-02-21 15:00:00,2016-02-21 15:50:00,"Ray Friel","East","Public","Skating",45.471382,-75.49173
"452",2016-02-28,2016-02-28 15:00:00,2016-02-28 15:50:00,"Ray Friel","East","Public","Skating",45.471382,-75.49173
"453",2016-03-06,2016-03-06 15:00:00,2016-03-06 15:50:00,"Ray Friel","East","Public","Skating",45.471382,-75.49173
"454",2016-03-13,2016-03-13 15:00:00,2016-03-13 15:50:00,"Ray Friel","East","Public","Skating",45.471382,-75.49173
"455",2016-03-20,2016-03-20 15:00:00,2016-03-20 15:50:00,"Ray Friel","East","Public","Skating",45.471382,-75.49173
"456",2016-03-27,2016-03-27 15:00:00,2016-03-27 15:50:00,"Ray Friel","East","Public","Skating",45.471382,-75.49173
"457",2016-04-03,2016-04-03 15:00:00,2016-04-03 15:50:00,"Ray Friel","East","Public","Skating",45.471382,-75.49173
"458",2016-04-10,2016-04-10 15:00:00,2016-04-10 15:50:00,"Ray Friel","East","Public","Skating",45.471382,-75.49173
"459",2015-09-07,2015-09-07 11:00:00,2015-09-07 11:50:00,"Ray Friel","East","Public","Skating",45.471382,-75.49173
"460",2015-09-14,2015-09-14 11:00:00,2015-09-14 11:50:00,"Ray Friel","East","Public","Skating",45.471382,-75.49173
"461",2015-09-21,2015-09-21 11:00:00,2015-09-21 11:50:00,"Ray Friel","East","Public","Skating",45.471382,-75.49173
"462",2015-09-28,2015-09-28 11:00:00,2015-09-28 11:50:00,"Ray Friel","East","Public","Skating",45.471382,-75.49173
"463",2015-10-05,2015-10-05 11:00:00,2015-10-05 11:50:00,"Ray Friel","East","Public","Skating",45.471382,-75.49173
"464",2015-10-12,2015-10-12 11:00:00,2015-10-12 11:50:00,"Ray Friel","East","Public","Skating",45.471382,-75.49173
"465",2015-10-19,2015-10-19 11:00:00,2015-10-19 11:50:00,"Ray Friel","East","Public","Skating",45.471382,-75.49173
"466",2015-10-26,2015-10-26 11:00:00,2015-10-26 11:50:00,"Ray Friel","East","Public","Skating",45.471382,-75.49173
"467",2015-11-02,2015-11-02 11:00:00,2015-11-02 11:50:00,"Ray Friel","East","Public","Skating",45.471382,-75.49173
"468",2015-11-09,2015-11-09 11:00:00,2015-11-09 11:50:00,"Ray Friel","East","Public","Skating",45.471382,-75.49173
"469",2015-11-16,2015-11-16 11:00:00,2015-11-16 11:50:00,"Ray Friel","East","Public","Skating",45.471382,-75.49173
"470",2015-11-23,2015-11-23 11:00:00,2015-11-23 11:50:00,"Ray Friel","East","Public","Skating",45.471382,-75.49173
"471",2015-11-30,2015-11-30 11:00:00,2015-11-30 11:50:00,"Ray Friel","East","Public","Skating",45.471382,-75.49173
"472",2015-12-07,2015-12-07 11:00:00,2015-12-07 11:50:00,"Ray Friel","East","Public","Skating",45.471382,-75.49173
"473",2015-12-14,2015-12-14 11:00:00,2015-12-14 11:50:00,"Ray Friel","East","Public","Skating",45.471382,-75.49173
"474",2015-12-21,2015-12-21 11:00:00,2015-12-21 11:50:00,"Ray Friel","East","Public","Skating",45.471382,-75.49173
"476",2016-01-04,2016-01-04 11:00:00,2016-01-04 11:50:00,"Ray Friel","East","Public","Skating",45.471382,-75.49173
"477",2016-01-11,2016-01-11 11:00:00,2016-01-11 11:50:00,"Ray Friel","East","Public","Skating",45.471382,-75.49173
"478",2016-01-18,2016-01-18 11:00:00,2016-01-18 11:50:00,"Ray Friel","East","Public","Skating",45.471382,-75.49173
"479",2016-01-25,2016-01-25 11:00:00,2016-01-25 11:50:00,"Ray Friel","East","Public","Skating",45.471382,-75.49173
"480",2016-02-01,2016-02-01 11:00:00,2016-02-01 11:50:00,"Ray Friel","East","Public","Skating",45.471382,-75.49173
"481",2016-02-08,2016-02-08 11:00:00,2016-02-08 11:50:00,"Ray Friel","East","Public","Skating",45.471382,-75.49173
"482",2016-02-15,2016-02-15 11:00:00,2016-02-15 11:50:00,"Ray Friel","East","Public","Skating",45.471382,-75.49173
"483",2016-02-22,2016-02-22 11:00:00,2016-02-22 11:50:00,"Ray Friel","East","Public","Skating",45.471382,-75.49173
"484",2016-02-29,2016-02-29 11:00:00,2016-02-29 11:50:00,"Ray Friel","East","Public","Skating",45.471382,-75.49173
"485",2016-03-07,2016-03-07 11:00:00,2016-03-07 11:50:00,"Ray Friel","East","Public","Skating",45.471382,-75.49173
"486",2016-03-14,2016-03-14 11:00:00,2016-03-14 11:50:00,"Ray Friel","East","Public","Skating",45.471382,-75.49173
"487",2016-03-21,2016-03-21 11:00:00,2016-03-21 11:50:00,"Ray Friel","East","Public","Skating",45.471382,-75.49173
"488",2016-03-28,2016-03-28 11:00:00,2016-03-28 11:50:00,"Ray Friel","East","Public","Skating",45.471382,-75.49173
"489",2016-04-04,2016-04-04 11:00:00,2016-04-04 11:50:00,"Ray Friel","East","Public","Skating",45.471382,-75.49173
"490",2015-09-07,2015-09-07 12:00:00,2015-09-07 13:20:00,"Ray Friel","East","Pickup 18+","Hockey",45.471382,-75.49173
"491",2015-09-14,2015-09-14 12:00:00,2015-09-14 13:20:00,"Ray Friel","East","Pickup 18+","Hockey",45.471382,-75.49173
"492",2015-09-21,2015-09-21 12:00:00,2015-09-21 13:20:00,"Ray Friel","East","Pickup 18+","Hockey",45.471382,-75.49173
"493",2015-09-28,2015-09-28 12:00:00,2015-09-28 13:20:00,"Ray Friel","East","Pickup 18+","Hockey",45.471382,-75.49173
"494",2015-10-05,2015-10-05 12:00:00,2015-10-05 13:20:00,"Ray Friel","East","Pickup 18+","Hockey",45.471382,-75.49173
"496",2015-10-19,2015-10-19 12:00:00,2015-10-19 13:20:00,"Ray Friel","East","Pickup 18+","Hockey",45.471382,-75.49173
"497",2015-10-26,2015-10-26 12:00:00,2015-10-26 13:20:00,"Ray Friel","East","Pickup 18+","Hockey",45.471382,-75.49173
"498",2015-11-02,2015-11-02 12:00:00,2015-11-02 13:20:00,"Ray Friel","East","Pickup 18+","Hockey",45.471382,-75.49173
"499",2015-11-09,2015-11-09 12:00:00,2015-11-09 13:20:00,"Ray Friel","East","Pickup 18+","Hockey",45.471382,-75.49173
"500",2015-11-16,2015-11-16 12:00:00,2015-11-16 13:20:00,"Ray Friel","East","Pickup 18+","Hockey",45.471382,-75.49173
"501",2015-11-23,2015-11-23 12:00:00,2015-11-23 13:20:00,"Ray Friel","East","Pickup 18+","Hockey",45.471382,-75.49173
"502",2015-11-30,2015-11-30 12:00:00,2015-11-30 13:20:00,"Ray Friel","East","Pickup 18+","Hockey",45.471382,-75.49173
"503",2015-12-07,2015-12-07 12:00:00,2015-12-07 13:20:00,"Ray Friel","East","Pickup 18+","Hockey",45.471382,-75.49173
"504",2015-12-14,2015-12-14 12:00:00,2015-12-14 13:20:00,"Ray Friel","East","Pickup 18+","Hockey",45.471382,-75.49173
"505",2015-12-21,2015-12-21 12:00:00,2015-12-21 13:20:00,"Ray Friel","East","Pickup 18+","Hockey",45.471382,-75.49173
"507",2016-01-04,2016-01-04 12:00:00,2016-01-04 13:20:00,"Ray Friel","East","Pickup 18+","Hockey",45.471382,-75.49173
"508",2016-01-11,2016-01-11 12:00:00,2016-01-11 13:20:00,"Ray Friel","East","Pickup 18+","Hockey",45.471382,-75.49173
"509",2016-01-18,2016-01-18 12:00:00,2016-01-18 13:20:00,"Ray Friel","East","Pickup 18+","Hockey",45.471382,-75.49173
"510",2016-01-25,2016-01-25 12:00:00,2016-01-25 13:20:00,"Ray Friel","East","Pickup 18+","Hockey",45.471382,-75.49173
"511",2016-02-01,2016-02-01 12:00:00,2016-02-01 13:20:00,"Ray Friel","East","Pickup 18+","Hockey",45.471382,-75.49173
"512",2016-02-08,2016-02-08 12:00:00,2016-02-08 13:20:00,"Ray Friel","East","Pickup 18+","Hockey",45.471382,-75.49173
"513",2016-02-15,2016-02-15 12:00:00,2016-02-15 13:20:00,"Ray Friel","East","Pickup 18+","Hockey",45.471382,-75.49173
"514",2016-02-22,2016-02-22 12:00:00,2016-02-22 13:20:00,"Ray Friel","East","Pickup 18+","Hockey",45.471382,-75.49173
"515",2016-02-29,2016-02-29 12:00:00,2016-02-29 13:20:00,"Ray Friel","East","Pickup 18+","Hockey",45.471382,-75.49173
"516",2016-03-07,2016-03-07 12:00:00,2016-03-07 13:20:00,"Ray Friel","East","Pickup 18+","Hockey",45.471382,-75.49173
"517",2016-03-14,2016-03-14 12:00:00,2016-03-14 13:20:00,"Ray Friel","East","Pickup 18+","Hockey",45.471382,-75.49173
"518",2016-03-21,2016-03-21 12:00:00,2016-03-21 13:20:00,"Ray Friel","East","Pickup 18+","Hockey",45.471382,-75.49173
"519",2016-03-28,2016-03-28 12:00:00,2016-03-28 13:20:00,"Ray Friel","East","Pickup 18+","Hockey",45.471382,-75.49173
"520",2016-04-04,2016-04-04 12:00:00,2016-04-04 13:20:00,"Ray Friel","East","Pickup 18+","Hockey",45.471382,-75.49173
"521",2015-09-08,2015-09-08 18:00:00,2015-09-08 18:50:00,"Ray Friel","East","Public","Skating",45.471382,-75.49173
"522",2015-09-15,2015-09-15 18:00:00,2015-09-15 18:50:00,"Ray Friel","East","Public","Skating",45.471382,-75.49173
"523",2015-09-22,2015-09-22 18:00:00,2015-09-22 18:50:00,"Ray Friel","East","Public","Skating",45.471382,-75.49173
"524",2015-09-29,2015-09-29 18:00:00,2015-09-29 18:50:00,"Ray Friel","East","Public","Skating",45.471382,-75.49173
"525",2015-10-06,2015-10-06 18:00:00,2015-10-06 18:50:00,"Ray Friel","East","Public","Skating",45.471382,-75.49173
"526",2015-10-13,2015-10-13 18:00:00,2015-10-13 18:50:00,"Ray Friel","East","Public","Skating",45.471382,-75.49173
"527",2015-10-20,2015-10-20 18:00:00,2015-10-20 18:50:00,"Ray Friel","East","Public","Skating",45.471382,-75.49173
"528",2015-10-27,2015-10-27 18:00:00,2015-10-27 18:50:00,"Ray Friel","East","Public","Skating",45.471382,-75.49173
"529",2015-11-03,2015-11-03 18:00:00,2015-11-03 18:50:00,"Ray Friel","East","Public","Skating",45.471382,-75.49173
"530",2015-11-10,2015-11-10 18:00:00,2015-11-10 18:50:00,"Ray Friel","East","Public","Skating",45.471382,-75.49173
"531",2015-11-17,2015-11-17 18:00:00,2015-11-17 18:50:00,"Ray Friel","East","Public","Skating",45.471382,-75.49173
"532",2015-11-24,2015-11-24 18:00:00,2015-11-24 18:50:00,"Ray Friel","East","Public","Skating",45.471382,-75.49173
"533",2015-12-01,2015-12-01 18:00:00,2015-12-01 18:50:00,"Ray Friel","East","Public","Skating",45.471382,-75.49173
"534",2015-12-08,2015-12-08 18:00:00,2015-12-08 18:50:00,"Ray Friel","East","Public","Skating",45.471382,-75.49173
"535",2015-12-15,2015-12-15 18:00:00,2015-12-15 18:50:00,"Ray Friel","East","Public","Skating",45.471382,-75.49173
"536",2015-12-22,2015-12-22 18:00:00,2015-12-22 18:50:00,"Ray Friel","East","Public","Skating",45.471382,-75.49173
"538",2016-01-05,2016-01-05 18:00:00,2016-01-05 18:50:00,"Ray Friel","East","Public","Skating",45.471382,-75.49173
"539",2016-01-12,2016-01-12 18:00:00,2016-01-12 18:50:00,"Ray Friel","East","Public","Skating",45.471382,-75.49173
"540",2016-01-19,2016-01-19 18:00:00,2016-01-19 18:50:00,"Ray Friel","East","Public","Skating",45.471382,-75.49173
"541",2016-01-26,2016-01-26 18:00:00,2016-01-26 18:50:00,"Ray Friel","East","Public","Skating",45.471382,-75.49173
"542",2016-02-02,2016-02-02 18:00:00,2016-02-02 18:50:00,"Ray Friel","East","Public","Skating",45.471382,-75.49173
"543",2016-02-09,2016-02-09 18:00:00,2016-02-09 18:50:00,"Ray Friel","East","Public","Skating",45.471382,-75.49173
"544",2016-02-16,2016-02-16 18:00:00,2016-02-16 18:50:00,"Ray Friel","East","Public","Skating",45.471382,-75.49173
"545",2016-02-23,2016-02-23 18:00:00,2016-02-23 18:50:00,"Ray Friel","East","Public","Skating",45.471382,-75.49173
"546",2016-03-01,2016-03-01 18:00:00,2016-03-01 18:50:00,"Ray Friel","East","Public","Skating",45.471382,-75.49173
"547",2016-03-08,2016-03-08 18:00:00,2016-03-08 18:50:00,"Ray Friel","East","Public","Skating",45.471382,-75.49173
"548",2016-03-15,2016-03-15 18:00:00,2016-03-15 18:50:00,"Ray Friel","East","Public","Skating",45.471382,-75.49173
"549",2016-03-22,2016-03-22 18:00:00,2016-03-22 18:50:00,"Ray Friel","East","Public","Skating",45.471382,-75.49173
"550",2016-03-29,2016-03-29 18:00:00,2016-03-29 18:50:00,"Ray Friel","East","Public","Skating",45.471382,-75.49173
"551",2016-04-05,2016-04-05 18:00:00,2016-04-05 18:50:00,"Ray Friel","East","Public","Skating",45.471382,-75.49173
"552",2015-09-11,2015-09-11 16:00:00,2015-09-11 16:50:00,"Ray Friel","East","Shinny - Children","Shinny",45.471382,-75.49173
"553",2015-09-18,2015-09-18 16:00:00,2015-09-18 16:50:00,"Ray Friel","East","Shinny - Children","Shinny",45.471382,-75.49173
"554",2015-09-25,2015-09-25 16:00:00,2015-09-25 16:50:00,"Ray Friel","East","Shinny - Children","Shinny",45.471382,-75.49173
"555",2015-10-02,2015-10-02 16:00:00,2015-10-02 16:50:00,"Ray Friel","East","Shinny - Children","Shinny",45.471382,-75.49173
"556",2015-10-09,2015-10-09 16:00:00,2015-10-09 16:50:00,"Ray Friel","East","Shinny - Children","Shinny",45.471382,-75.49173
"557",2015-10-16,2015-10-16 16:00:00,2015-10-16 16:50:00,"Ray Friel","East","Shinny - Children","Shinny",45.471382,-75.49173
"558",2015-10-23,2015-10-23 16:00:00,2015-10-23 16:50:00,"Ray Friel","East","Shinny - Children","Shinny",45.471382,-75.49173
"559",2015-10-30,2015-10-30 16:00:00,2015-10-30 16:50:00,"Ray Friel","East","Shinny - Children","Shinny",45.471382,-75.49173
"560",2015-11-06,2015-11-06 16:00:00,2015-11-06 16:50:00,"Ray Friel","East","Shinny - Children","Shinny",45.471382,-75.49173
"561",2015-11-13,2015-11-13 16:00:00,2015-11-13 16:50:00,"Ray Friel","East","Shinny - Children","Shinny",45.471382,-75.49173
"562",2015-11-20,2015-11-20 16:00:00,2015-11-20 16:50:00,"Ray Friel","East","Shinny - Children","Shinny",45.471382,-75.49173
"563",2015-11-27,2015-11-27 16:00:00,2015-11-27 16:50:00,"Ray Friel","East","Shinny - Children","Shinny",45.471382,-75.49173
"564",2015-12-04,2015-12-04 16:00:00,2015-12-04 16:50:00,"Ray Friel","East","Shinny - Children","Shinny",45.471382,-75.49173
"565",2015-12-11,2015-12-11 16:00:00,2015-12-11 16:50:00,"Ray Friel","East","Shinny - Children","Shinny",45.471382,-75.49173
"566",2015-12-18,2015-12-18 16:00:00,2015-12-18 16:50:00,"Ray Friel","East","Shinny - Children","Shinny",45.471382,-75.49173
"568",2016-01-01,2016-01-01 16:00:00,2016-01-01 16:50:00,"Ray Friel","East","Shinny - Children","Shinny",45.471382,-75.49173
"569",2016-01-08,2016-01-08 16:00:00,2016-01-08 16:50:00,"Ray Friel","East","Shinny - Children","Shinny",45.471382,-75.49173
"570",2016-01-15,2016-01-15 16:00:00,2016-01-15 16:50:00,"Ray Friel","East","Shinny - Children","Shinny",45.471382,-75.49173
"571",2016-01-22,2016-01-22 16:00:00,2016-01-22 16:50:00,"Ray Friel","East","Shinny - Children","Shinny",45.471382,-75.49173
"572",2016-01-29,2016-01-29 16:00:00,2016-01-29 16:50:00,"Ray Friel","East","Shinny - Children","Shinny",45.471382,-75.49173
"573",2016-02-05,2016-02-05 16:00:00,2016-02-05 16:50:00,"Ray Friel","East","Shinny - Children","Shinny",45.471382,-75.49173
"574",2016-02-12,2016-02-12 16:00:00,2016-02-12 16:50:00,"Ray Friel","East","Shinny - Children","Shinny",45.471382,-75.49173
"575",2016-02-19,2016-02-19 16:00:00,2016-02-19 16:50:00,"Ray Friel","East","Shinny - Children","Shinny",45.471382,-75.49173
"576",2016-02-26,2016-02-26 16:00:00,2016-02-26 16:50:00,"Ray Friel","East","Shinny - Children","Shinny",45.471382,-75.49173
"577",2016-03-04,2016-03-04 16:00:00,2016-03-04 16:50:00,"Ray Friel","East","Shinny - Children","Shinny",45.471382,-75.49173
"578",2016-03-11,2016-03-11 16:00:00,2016-03-11 16:50:00,"Ray Friel","East","Shinny - Children","Shinny",45.471382,-75.49173
"579",2016-03-18,2016-03-18 16:00:00,2016-03-18 16:50:00,"Ray Friel","East","Shinny - Children","Shinny",45.471382,-75.49173
"580",2016-03-25,2016-03-25 16:00:00,2016-03-25 16:50:00,"Ray Friel","East","Shinny - Children","Shinny",45.471382,-75.49173
"581",2015-09-11,2015-09-11 15:00:00,2015-09-11 15:50:00,"Ray Friel","East","Shinny - Youth","Shinny",45.471382,-75.49173
"582",2015-09-18,2015-09-18 15:00:00,2015-09-18 15:50:00,"Ray Friel","East","Shinny - Youth","Shinny",45.471382,-75.49173
"583",2015-09-25,2015-09-25 15:00:00,2015-09-25 15:50:00,"Ray Friel","East","Shinny - Youth","Shinny",45.471382,-75.49173
"584",2015-10-02,2015-10-02 15:00:00,2015-10-02 15:50:00,"Ray Friel","East","Shinny - Youth","Shinny",45.471382,-75.49173
"585",2015-10-09,2015-10-09 15:00:00,2015-10-09 15:50:00,"Ray Friel","East","Shinny - Youth","Shinny",45.471382,-75.49173
"586",2015-10-16,2015-10-16 15:00:00,2015-10-16 15:50:00,"Ray Friel","East","Shinny - Youth","Shinny",45.471382,-75.49173
"587",2015-10-23,2015-10-23 15:00:00,2015-10-23 15:50:00,"Ray Friel","East","Shinny - Youth","Shinny",45.471382,-75.49173
"588",2015-10-30,2015-10-30 15:00:00,2015-10-30 15:50:00,"Ray Friel","East","Shinny - Youth","Shinny",45.471382,-75.49173
"589",2015-11-06,2015-11-06 15:00:00,2015-11-06 15:50:00,"Ray Friel","East","Shinny - Youth","Shinny",45.471382,-75.49173
"590",2015-11-13,2015-11-13 15:00:00,2015-11-13 15:50:00,"Ray Friel","East","Shinny - Youth","Shinny",45.471382,-75.49173
"591",2015-11-20,2015-11-20 15:00:00,2015-11-20 15:50:00,"Ray Friel","East","Shinny - Youth","Shinny",45.471382,-75.49173
"592",2015-11-27,2015-11-27 15:00:00,2015-11-27 15:50:00,"Ray Friel","East","Shinny - Youth","Shinny",45.471382,-75.49173
"593",2015-12-04,2015-12-04 15:00:00,2015-12-04 15:50:00,"Ray Friel","East","Shinny - Youth","Shinny",45.471382,-75.49173
"594",2015-12-11,2015-12-11 15:00:00,2015-12-11 15:50:00,"Ray Friel","East","Shinny - Youth","Shinny",45.471382,-75.49173
"595",2015-12-18,2015-12-18 15:00:00,2015-12-18 15:50:00,"Ray Friel","East","Shinny - Youth","Shinny",45.471382,-75.49173
"597",2016-01-01,2016-01-01 15:00:00,2016-01-01 15:50:00,"Ray Friel","East","Shinny - Youth","Shinny",45.471382,-75.49173
"598",2016-01-08,2016-01-08 15:00:00,2016-01-08 15:50:00,"Ray Friel","East","Shinny - Youth","Shinny",45.471382,-75.49173
"599",2016-01-15,2016-01-15 15:00:00,2016-01-15 15:50:00,"Ray Friel","East","Shinny - Youth","Shinny",45.471382,-75.49173
"600",2016-01-22,2016-01-22 15:00:00,2016-01-22 15:50:00,"Ray Friel","East","Shinny - Youth","Shinny",45.471382,-75.49173
"601",2016-01-29,2016-01-29 15:00:00,2016-01-29 15:50:00,"Ray Friel","East","Shinny - Youth","Shinny",45.471382,-75.49173
"602",2016-02-05,2016-02-05 15:00:00,2016-02-05 15:50:00,"Ray Friel","East","Shinny - Youth","Shinny",45.471382,-75.49173
"603",2016-02-12,2016-02-12 15:00:00,2016-02-12 15:50:00,"Ray Friel","East","Shinny - Youth","Shinny",45.471382,-75.49173
"604",2016-02-19,2016-02-19 15:00:00,2016-02-19 15:50:00,"Ray Friel","East","Shinny - Youth","Shinny",45.471382,-75.49173
"605",2016-02-26,2016-02-26 15:00:00,2016-02-26 15:50:00,"Ray Friel","East","Shinny - Youth","Shinny",45.471382,-75.49173
"606",2016-03-04,2016-03-04 15:00:00,2016-03-04 15:50:00,"Ray Friel","East","Shinny - Youth","Shinny",45.471382,-75.49173
"607",2016-03-11,2016-03-11 15:00:00,2016-03-11 15:50:00,"Ray Friel","East","Shinny - Youth","Shinny",45.471382,-75.49173
"608",2016-03-18,2016-03-18 15:00:00,2016-03-18 15:50:00,"Ray Friel","East","Shinny - Youth","Shinny",45.471382,-75.49173
"609",2016-03-25,2016-03-25 15:00:00,2016-03-25 15:50:00,"Ray Friel","East","Shinny - Youth","Shinny",45.471382,-75.49173
"610",2016-04-01,2016-04-01 15:00:00,2016-04-01 15:50:00,"Ray Friel","East","Shinny - Youth","Shinny",45.471382,-75.49173
"611",2016-04-08,2016-04-08 15:00:00,2016-04-08 15:50:00,"Ray Friel","East","Shinny - Youth","Shinny",45.471382,-75.49173
"612",2016-04-15,2016-04-15 15:00:00,2016-04-15 15:50:00,"Ray Friel","East","Shinny - Youth","Shinny",45.471382,-75.49173
"613",2016-04-22,2016-04-22 15:00:00,2016-04-22 15:50:00,"Ray Friel","East","Shinny - Youth","Shinny",45.471382,-75.49173
"614",2015-09-07,2015-09-07 16:00:00,2015-09-07 16:50:00,"Ray Friel","East","Shinny - Youth","Shinny",45.471382,-75.49173
"615",2015-09-14,2015-09-14 16:00:00,2015-09-14 16:50:00,"Ray Friel","East","Shinny - Youth","Shinny",45.471382,-75.49173
"616",2015-09-21,2015-09-21 16:00:00,2015-09-21 16:50:00,"Ray Friel","East","Shinny - Youth","Shinny",45.471382,-75.49173
"617",2015-09-28,2015-09-28 16:00:00,2015-09-28 16:50:00,"Ray Friel","East","Shinny - Youth","Shinny",45.471382,-75.49173
"618",2015-10-05,2015-10-05 16:00:00,2015-10-05 16:50:00,"Ray Friel","East","Shinny - Youth","Shinny",45.471382,-75.49173
"620",2015-10-19,2015-10-19 16:00:00,2015-10-19 16:50:00,"Ray Friel","East","Shinny - Youth","Shinny",45.471382,-75.49173
"621",2015-10-26,2015-10-26 16:00:00,2015-10-26 16:50:00,"Ray Friel","East","Shinny - Youth","Shinny",45.471382,-75.49173
"622",2015-11-02,2015-11-02 16:00:00,2015-11-02 16:50:00,"Ray Friel","East","Shinny - Youth","Shinny",45.471382,-75.49173
"623",2015-11-09,2015-11-09 16:00:00,2015-11-09 16:50:00,"Ray Friel","East","Shinny - Youth","Shinny",45.471382,-75.49173
"624",2015-11-16,2015-11-16 16:00:00,2015-11-16 16:50:00,"Ray Friel","East","Shinny - Youth","Shinny",45.471382,-75.49173
"625",2015-11-23,2015-11-23 16:00:00,2015-11-23 16:50:00,"Ray Friel","East","Shinny - Youth","Shinny",45.471382,-75.49173
"626",2015-11-30,2015-11-30 16:00:00,2015-11-30 16:50:00,"Ray Friel","East","Shinny - Youth","Shinny",45.471382,-75.49173
"627",2015-12-07,2015-12-07 16:00:00,2015-12-07 16:50:00,"Ray Friel","East","Shinny - Youth","Shinny",45.471382,-75.49173
"628",2015-12-14,2015-12-14 16:00:00,2015-12-14 16:50:00,"Ray Friel","East","Shinny - Youth","Shinny",45.471382,-75.49173
"629",2015-12-21,2015-12-21 16:00:00,2015-12-21 16:50:00,"Ray Friel","East","Shinny - Youth","Shinny",45.471382,-75.49173
"631",2016-01-04,2016-01-04 16:00:00,2016-01-04 16:50:00,"Ray Friel","East","Shinny - Youth","Shinny",45.471382,-75.49173
"632",2016-01-11,2016-01-11 16:00:00,2016-01-11 16:50:00,"Ray Friel","East","Shinny - Youth","Shinny",45.471382,-75.49173
"633",2016-01-18,2016-01-18 16:00:00,2016-01-18 16:50:00,"Ray Friel","East","Shinny - Youth","Shinny",45.471382,-75.49173
"634",2016-01-25,2016-01-25 16:00:00,2016-01-25 16:50:00,"Ray Friel","East","Shinny - Youth","Shinny",45.471382,-75.49173
"635",2016-02-01,2016-02-01 16:00:00,2016-02-01 16:50:00,"Ray Friel","East","Shinny - Youth","Shinny",45.471382,-75.49173
"636",2016-02-08,2016-02-08 16:00:00,2016-02-08 16:50:00,"Ray Friel","East","Shinny - Youth","Shinny",45.471382,-75.49173
"637",2016-02-15,2016-02-15 16:00:00,2016-02-15 16:50:00,"Ray Friel","East","Shinny - Youth","Shinny",45.471382,-75.49173
"638",2016-02-22,2016-02-22 16:00:00,2016-02-22 16:50:00,"Ray Friel","East","Shinny - Youth","Shinny",45.471382,-75.49173
"639",2016-02-29,2016-02-29 16:00:00,2016-02-29 16:50:00,"Ray Friel","East","Shinny - Youth","Shinny",45.471382,-75.49173
"640",2016-03-07,2016-03-07 16:00:00,2016-03-07 16:50:00,"Ray Friel","East","Shinny - Youth","Shinny",45.471382,-75.49173
"641",2016-03-14,2016-03-14 16:00:00,2016-03-14 16:50:00,"Ray Friel","East","Shinny - Youth","Shinny",45.471382,-75.49173
"642",2016-03-21,2016-03-21 16:00:00,2016-03-21 16:50:00,"Ray Friel","East","Shinny - Youth","Shinny",45.471382,-75.49173
"643",2015-09-10,2015-09-10 09:30:00,2015-09-10 11:00:00,"Nepean Sportsplex","West End","Family","Skating",45.326912,-75.746002
"644",2015-09-17,2015-09-17 09:30:00,2015-09-17 11:00:00,"Nepean Sportsplex","West End","Family","Skating",45.326912,-75.746002
"645",2015-09-24,2015-09-24 09:30:00,2015-09-24 11:00:00,"Nepean Sportsplex","West End","Family","Skating",45.326912,-75.746002
"646",2015-09-08,2015-09-08 10:30:00,2015-09-08 12:00:00,"Nepean Sportsplex","West End","Public","Skating",45.326912,-75.746002
"647",2015-09-15,2015-09-15 10:30:00,2015-09-15 12:00:00,"Nepean Sportsplex","West End","Public","Skating",45.326912,-75.746002
"648",2015-09-22,2015-09-22 10:30:00,2015-09-22 12:00:00,"Nepean Sportsplex","West End","Public","Skating",45.326912,-75.746002
"649",2015-09-10,2015-09-10 07:00:00,2015-09-10 08:30:00,"Nepean Sportsplex","West End","Pickup 18+","Hockey",45.326912,-75.746002
"650",2015-09-17,2015-09-17 07:00:00,2015-09-17 08:30:00,"Nepean Sportsplex","West End","Pickup 18+","Hockey",45.326912,-75.746002
"651",2015-09-24,2015-09-24 07:00:00,2015-09-24 08:30:00,"Nepean Sportsplex","West End","Pickup 18+","Hockey",45.326912,-75.746002
"652",2015-09-08,2015-09-08 12:00:00,2015-09-08 13:30:00,"Nepean Sportsplex","West End","Pickup 18+","Hockey",45.326912,-75.746002
"653",2015-09-15,2015-09-15 12:00:00,2015-09-15 13:30:00,"Nepean Sportsplex","West End","Pickup 18+","Hockey",45.326912,-75.746002
"654",2015-09-22,2015-09-22 12:00:00,2015-09-22 13:30:00,"Nepean Sportsplex","West End","Pickup 18+","Hockey",45.326912,-75.746002
"655",2015-09-09,2015-09-09 16:30:00,2015-09-09 17:30:00,"Nepean Sportsplex","West End","Shinny - Children","Shinny",45.326912,-75.746002
"656",2015-09-16,2015-09-16 16:30:00,2015-09-16 17:30:00,"Nepean Sportsplex","West End","Shinny - Children","Shinny",45.326912,-75.746002
"657",2015-09-23,2015-09-23 16:30:00,2015-09-23 17:30:00,"Nepean Sportsplex","West End","Shinny - Children","Shinny",45.326912,-75.746002
"658",2015-09-13,2015-09-13 13:00:00,2015-09-13 14:00:00,"Tom Brown","Central","Public","Skating",45.408105,-75.722154
"659",2015-09-20,2015-09-20 13:00:00,2015-09-20 14:00:00,"Tom Brown","Central","Public","Skating",45.408105,-75.722154
"660",2015-09-09,2015-09-09 20:00:00,2015-09-09 21:00:00,"Tom Brown","Central","Public","Skating",45.408105,-75.722154
"661",2015-09-16,2015-09-16 20:00:00,2015-09-16 21:00:00,"Tom Brown","Central","Public","Skating",45.408105,-75.722154
"662",2015-09-23,2015-09-23 20:00:00,2015-09-23 21:00:00,"Tom Brown","Central","Public","Skating",45.408105,-75.722154
"663",2015-09-09,2015-09-09 21:00:00,2015-09-09 22:00:00,"Tom Brown","Central","Figure","Specialized",45.408105,-75.722154
"664",2015-09-16,2015-09-16 21:00:00,2015-09-16 22:00:00,"Tom Brown","Central","Figure","Specialized",45.408105,-75.722154
